
INSERT INTO frontstore_Inventory(item_id,product_name,description,product_type,stock_level,price,image,date_created) VALUES
(1,'GTX 1600','VR and 4k Ready Graphic Card','Graphic Card',2,300,'default.jpg','2022-10-05'),
(2,'RTX 3090','VR and 4k Ready Graphic Card','Graphic Card',4,1500,'default.jpg','2022-10-06'),
(3,'RTX 3080','VR and 4k Ready Graphic Card','Graphic Card',14,1000,'default.jpg','2022-10-07'),
(4,'RX 6950','VR and 4k Ready Graphic Card','Graphic Card',0,800,'default.jpg','2022-10-08'),
(5,'RX 6750','VR and 4k Ready Graphic Card','Graphic Card',3,900,'default.jpg','2022-10-09'),
(6,'RX 6900','VR and 4k Ready Graphic Card','Graphic Card',8,1000,'default.jpg','2022-10-10'),
(7,'Intel i5','Super Fast Processor','CPU',11,250,'default.jpg','2022-10-11'),
(8,'Intel i7','Super Fast Processor','CPU',2,400,'default.jpg','2022-10-12'),
(9,'Intel i9','Super Fast Processor','CPU',1,500,'default.jpg','2022-10-13'),
(10,'AMD Ryzen 5600','Super Fast Processor','CPU',12,250,'default.jpg','2022-10-14'),
(11,'AMD Ryzen 5900x','Super Fast Processor','CPU',8,400,'default.jpg','2022-10-15'),
(12,'AMD Ryzen 5600x','Super Fast Processor','CPU',14,500,'default.jpg','2022-10-16'),
(13,'Logitech Keyboard','Wireless Keyboard','Computer Peripherals',1,80,'default.jpg','2022-10-17'),
(14,'Logitech Mouse','Wireless Mouse','Computer Peripherals',2,40,'default.jpg','2022-10-18'),
(15,'Corsair  Mid Tower','Mid Tower RGB Case with Cooling','Case',10,80,'default.jpg','2022-10-19'),
(16,'Corsair  High Tower','High Tower RGB Case with Cooling','Case',15,170,'default.jpg','2022-10-20'),
(17,'Webam C900 ','This is a webcam','Computer Peripherals',1,100,'default.jpg','2022-10-21'),
(18,'Webam C621','This is a webcam','Computer Peripherals',1,89,'default.jpg','2022-10-22'),
(19,'Corsair  Vengeance 32 GB RAM','288-Pin DDR4 SDRAM DDR4 3200 (PC4 25600) Desktop Memory Model F4-3200C16D-8GVRB','RAM',13,200,'default.jpg','2022-10-23'),
(20,'Corsair  Vengeance 16 GB RAM','288-Pin DDR4 SDRAM DDR4 3200 (PC4 25600) Desktop Memory Model F4-3200C16D-8GVRB','RAM',14,150,'default.jpg','2022-10-24'),
(21,'Corsair  Vengeance 8 GB RAM','288-Pin DDR4 SDRAM DDR4 3200 (PC4 25600) Desktop Memory Model F4-3200C16D-8GVRB','RAM',13,100,'default.jpg','2022-10-25'),
(22,'G.Skill Ripjaws RAM 32 GB RAM','288-Pin DDR4 SDRAM DDR4 3200 (PC4 25600) Desktop Memory Model F4-3200C16D-8GVRB','RAM',1,210,'default.jpg','2022-10-26'),
(23,'G.Skill Ripjaws RAM 16 GB RAM','288-Pin DDR4 SDRAM DDR4 3200 (PC4 25600) Desktop Memory Model F4-3200C16D-8GVRB','RAM',4,190,'default.jpg','2022-10-27'),
(24,'G.Skill Ripjaws RAM 8 GB RAM','288-Pin DDR4 SDRAM DDR4 3200 (PC4 25600) Desktop Memory Model F4-3200C16D-8GVRB','RAM',1,95,'default.jpg','2022-10-28'),
(25,'G.Skill Ripjaws RAM 4 GB RAM','288-Pin DDR4 SDRAM DDR4 3200 (PC4 25600) Desktop Memory Model F4-3200C16D-8GVRB','RAM',15,54,'default.jpg','2022-10-29'),
(26,'GIGABYTE X670 AORUS ELITE Motherboard','X99 S3 Gaming Motherboard LGA2011 V3 Support Intel XEON E5 DDR4 ECC REG Memory NVME USB3.0 ATX Server Support Turbo boos','Motherboard',8,200,'default.jpg','2022-10-30'),
(27,'X99 S3 Gaming Motherboard LGA2011 V3','Best Gaming Motherboard','Motherboard',11,300,'default.jpg','2022-10-31'),
(28,'ASUS Prime X670E-PRO WIFI 6E Socket AM5 (LGA 1718) Ryzen 7000 ATX Motherboard ','ASUS Prime X670E-PRO WIFI 6E Socket AM5 (LGA 1718) Ryzen 7000 ATX Motherboard (PCIe 5.0, DDR5, 14+2 Teamed Power Stages, 4x M.2 slots, USB 3.2 Gen 2x2 Type-C, USB4 Support, WIFI 6E, and 2.5G Ethernet)','Motherboard',8,250,'default.jpg','2022-11-01');

INSERT INTO frontstore_saleorders(order_number,item_id,quantity,shipped_date) VALUES
(1,4,1,'2020-04-21'),
(2,13,1,'2022-08-21'),
(3,7,2,'2020-05-11'),
(4,26,2,'2020-04-17'),
(5,15,2,'2022-08-05'),
(6,23,1,'2020-05-01'),
(7,25,1,'2022-07-25'),
(8,26,2,'2020-05-06'),
(9,13,1,'2022-07-31'),
(10,20,1,'2022-08-05'),
(11,5,2,'2020-04-26'),
(12,21,2,'2020-05-15'),
(13,6,2,'2020-05-14'),
(14,28,2,'2021-11-21'),
(15,24,2,'2021-12-01'),
(16,2,1,'2022-07-11'),
(17,26,1,'2020-04-12'),
(18,17,1,'2020-05-17'),
(19,28,1,'2021-12-02'),
(20,25,1,'2022-07-28'),
(21,20,2,'2022-08-20'),
(22,6,1,'2020-05-17'),
(23,17,1,'2020-05-06'),
(24,2,1,'2022-06-30'),
(25,7,1,'2020-05-05'),
(26,21,1,'2020-05-15'),
(27,15,2,'2022-07-25'),
(28,20,1,'2022-07-28'),
(29,19,2,'2021-11-24'),
(30,18,1,'2020-05-09'),
(31,18,1,'2020-05-12'),
(32,23,2,'2020-05-11'),
(33,22,2,'2021-11-28'),
(34,22,2,'2021-11-09'),
(35,10,2,'2021-11-12'),
(36,25,1,'2022-07-31'),
(37,9,2,'2020-04-30'),
(38,6,2,'2020-05-05'),
(39,14,2,'2021-11-11'),
(40,27,2,'2020-05-09'),
(41,26,1,'2020-04-12'),
(42,18,2,'2020-05-11'),
(43,24,1,'2021-11-12'),
(44,25,2,'2022-08-04'),
(45,12,2,'2021-11-21'),
(46,3,1,'2021-12-12'),
(47,16,1,'2022-07-28'),
(48,11,1,'2022-07-19'),
(49,28,2,'2021-11-25'),
(50,13,1,'2022-08-13'),
(51,7,2,'2020-05-11'),
(52,3,1,'2021-12-18'),
(53,7,2,'2020-05-18'),
(54,10,1,'2021-11-25'),
(55,25,2,'2022-08-12'),
(56,11,1,'2022-07-09'),
(57,12,1,'2021-11-21'),
(58,12,2,'2021-11-14'),
(59,24,4,'2021-12-01'),
(60,21,4,'2020-05-16'),
(61,15,2,'2022-08-03'),
(62,24,5,'2021-12-05'),
(63,17,4,'2020-04-28'),
(64,8,4,'2021-11-23'),
(65,27,1,'2020-04-24'),
(66,16,2,'2022-07-06'),
(67,7,5,'2020-05-19'),
(68,22,2,'2021-11-10'),
(69,22,5,'2021-11-02'),
(70,25,4,'2022-08-05'),
(71,23,5,'2020-05-02'),
(72,22,5,'2021-11-26'),
(73,2,1,'2022-07-10'),
(74,6,4,'2020-05-08'),
(75,15,4,'2022-08-02'),
(76,5,5,'2020-04-23'),
(77,8,4,'2021-11-10'),
(78,15,3,'2022-08-07'),
(79,27,1,'2020-04-28'),
(80,16,1,'2022-07-07'),
(81,20,3,'2022-08-20'),
(82,28,1,'2021-11-21'),
(83,25,2,'2022-07-25'),
(84,9,1,'2020-05-14'),
(85,10,4,'2021-11-15'),
(86,8,2,'2021-11-20'),
(87,27,3,'2020-05-02'),
(88,28,3,'2021-11-12'),
(89,15,4,'2022-07-23'),
(90,1,1,'2022-06-28'),
(91,8,3,'2021-10-31'),
(92,2,5,'2022-06-23'),
(93,20,2,'2022-07-27'),
(94,5,5,'2020-04-28'),
(95,12,2,'2021-11-28'),
(96,14,3,'2021-10-21'),
(97,21,5,'2020-05-20'),
(98,28,5,'2021-11-22'),
(99,14,2,'2021-11-09'),
(100,16,2,'2022-07-15'),
(101,23,2,'2020-05-13'),
(102,6,1,'2020-05-11'),
(103,10,1,'2021-11-18'),
(104,5,2,'2020-04-29'),
(105,3,1,'2021-12-14'),
(106,27,2,'2020-05-12'),
(107,10,1,'2021-11-05'),
(108,18,2,'2020-04-21'),
(109,28,2,'2021-11-30'),
(110,25,2,'2022-08-03'),
(111,5,2,'2020-04-22'),
(112,14,1,'2021-10-27'),
(113,28,1,'2021-12-03'),
(114,16,1,'2022-08-04'),
(115,18,1,'2020-05-15'),
(116,23,2,'2020-04-30'),
(117,16,1,'2022-07-06'),
(118,16,2,'2022-07-16'),
(119,24,1,'2021-11-22'),
(120,18,1,'2020-04-16'),
(121,8,2,'2021-11-20'),
(122,2,2,'2022-07-02'),
(123,22,1,'2021-11-04'),
(124,13,1,'2022-08-10'),
(125,1,1,'2022-07-08'),
(126,19,2,'2021-11-23'),
(127,23,2,'2020-05-10'),
(128,9,1,'2020-05-15'),
(129,26,1,'2020-05-08'),
(130,14,2,'2021-11-01'),
(131,3,2,'2021-12-09'),
(132,15,2,'2022-07-10'),
(133,15,1,'2022-08-09'),
(134,8,2,'2021-11-21'),
(135,16,1,'2022-07-29'),
(136,19,1,'2021-11-11'),
(137,17,2,'2020-05-17'),
(138,3,2,'2021-12-15'),
(139,10,2,'2021-11-19'),
(140,27,2,'2020-05-18'),
(141,7,1,'2020-05-02'),
(142,8,1,'2021-11-12'),
(143,21,2,'2020-06-01'),
(144,28,2,'2021-11-26'),
(145,20,1,'2022-08-15'),
(146,4,2,'2020-04-22'),
(147,22,1,'2021-10-31'),
(148,11,1,'2022-07-18'),
(149,27,2,'2020-05-21'),
(150,27,2,'2020-04-28'),
(151,23,1,'2020-04-30'),
(152,5,2,'2020-04-14'),
(153,9,2,'2020-04-28'),
(154,25,2,'2022-07-18'),
(155,25,2,'2022-07-20'),
(156,24,2,'2021-11-28'),
(157,18,2,'2020-04-16'),
(158,9,1,'2020-05-13'),
(159,14,1,'2021-10-23'),
(160,16,1,'2022-07-23'),
(161,25,2,'2022-07-26'),
(162,17,2,'2020-05-06'),
(163,22,1,'2021-11-28'),
(164,26,2,'2020-05-03'),
(165,26,1,'2020-05-01'),
(166,4,1,'2020-05-03'),
(167,9,1,'2020-05-04'),
(168,13,2,'2022-08-04'),
(169,4,2,'2020-05-02'),
(170,13,2,'2022-08-06'),
(171,7,2,'2020-04-28'),
(172,6,2,'2020-05-02'),
(173,27,2,'2020-05-16'),
(174,18,2,'2020-04-26'),
(175,10,2,'2021-11-15'),
(176,12,2,'2021-12-04'),
(177,19,2,'2021-11-26'),
(178,24,1,'2021-11-15'),
(179,3,1,'2021-11-28'),
(180,14,1,'2021-11-04'),
(181,9,1,'2020-05-02'),
(182,26,2,'2020-04-24'),
(183,7,2,'2020-05-11'),
(184,23,2,'2020-05-12'),
(185,6,2,'2020-04-24'),
(186,10,1,'2021-11-02'),
(187,12,1,'2021-11-05'),
(188,28,2,'2021-11-21'),
(189,16,2,'2022-08-03'),
(190,11,1,'2022-08-04'),
(191,16,2,'2022-08-05'),
(192,4,2,'2020-05-01'),
(193,26,1,'2020-04-20'),
(194,2,1,'2022-06-30'),
(195,21,2,'2020-05-02'),
(196,19,1,'2021-11-25'),
(197,7,2,'2020-05-10'),
(198,20,2,'2022-08-17'),
(199,4,1,'2020-04-20'),
(200,7,1,'2020-05-22'),
(201,5,2,'2020-05-04'),
(202,16,2,'2022-07-06'),
(203,10,2,'2021-11-24'),
(204,5,2,'2020-04-16'),
(205,2,2,'2022-07-06'),
(206,22,2,'2021-11-27'),
(207,14,1,'2021-10-28'),
(208,3,2,'2021-11-20'),
(209,24,2,'2021-11-18'),
(210,19,1,'2021-11-07'),
(211,27,2,'2020-05-16'),
(212,1,2,'2022-07-25'),
(213,4,2,'2020-04-17'),
(214,24,1,'2021-11-21'),
(215,1,2,'2022-07-05'),
(216,12,1,'2021-11-06'),
(217,18,1,'2020-05-13'),
(218,7,2,'2020-05-11'),
(219,21,1,'2020-05-16'),
(220,22,2,'2021-11-06'),
(221,19,2,'2021-11-02'),
(222,11,1,'2022-07-23'),
(223,27,2,'2020-04-26'),
(224,21,1,'2020-05-07'),
(225,8,1,'2021-11-20'),
(226,26,2,'2020-04-16'),
(227,21,2,'2020-05-09'),
(228,9,2,'2020-05-13'),
(229,22,1,'2021-11-13'),
(230,4,1,'2020-05-02'),
(231,7,1,'2020-05-11'),
(232,8,1,'2021-11-10'),
(233,9,1,'2020-05-01'),
(234,18,2,'2020-04-19'),
(235,23,1,'2020-05-10'),
(236,12,2,'2021-11-27'),
(237,10,2,'2021-11-04'),
(238,26,1,'2020-05-06'),
(239,15,1,'2022-07-20'),
(240,11,1,'2022-08-01'),
(241,16,1,'2022-07-15'),
(242,24,2,'2021-11-25'),
(243,21,1,'2020-05-25'),
(244,16,1,'2022-07-14'),
(245,20,2,'2022-08-09'),
(246,3,2,'2021-11-19'),
(247,27,2,'2020-05-06'),
(248,3,1,'2021-12-02'),
(249,7,1,'2020-05-08'),
(250,19,2,'2021-11-18'),
(251,5,1,'2020-05-01'),
(252,23,2,'2020-05-28'),
(253,20,1,'2022-08-02'),
(254,10,2,'2021-11-06'),
(255,14,1,'2021-11-01'),
(256,26,1,'2020-04-23'),
(257,24,2,'2021-11-24'),
(258,4,2,'2020-04-23'),
(259,2,2,'2022-06-28'),
(260,3,1,'2021-12-04'),
(261,26,1,'2020-05-01'),
(262,6,2,'2020-04-26'),
(263,12,1,'2021-11-26'),
(264,16,1,'2022-07-30'),
(265,27,2,'2020-05-14'),
(266,18,2,'2020-04-24'),
(267,13,2,'2022-08-08'),
(268,12,1,'2021-11-09'),
(269,28,1,'2021-11-14'),
(270,17,1,'2020-04-18'),
(271,10,1,'2021-11-04'),
(272,26,1,'2020-05-02'),
(273,17,2,'2020-05-05'),
(274,26,2,'2020-04-25'),
(275,13,1,'2022-08-08'),
(276,27,1,'2020-05-07'),
(277,6,1,'2020-04-26'),
(278,14,1,'2021-10-29'),
(279,10,2,'2021-11-20'),
(280,26,1,'2020-04-25'),
(281,18,2,'2020-05-15'),
(282,21,1,'2020-05-10'),
(283,8,2,'2021-11-18'),
(284,5,1,'2020-05-06'),
(285,11,1,'2022-07-23'),
(286,26,2,'2020-04-14'),
(287,13,1,'2022-08-18'),
(288,9,2,'2020-04-25'),
(289,9,1,'2020-05-02'),
(290,12,2,'2021-11-17'),
(291,22,1,'2021-11-04'),
(292,25,2,'2022-08-01'),
(293,11,1,'2022-08-07'),
(294,9,1,'2020-05-06'),
(295,8,1,'2021-11-29'),
(296,17,2,'2020-05-02'),
(297,28,2,'2021-12-02'),
(298,22,1,'2021-11-15'),
(299,26,2,'2020-04-26'),
(300,7,2,'2020-05-07'),
(301,2,1,'2022-07-10'),
(302,10,1,'2021-11-09'),
(303,9,2,'2020-05-09'),
(304,24,1,'2021-12-04'),
(305,27,2,'2020-04-29'),
(306,8,1,'2021-11-08'),
(307,25,1,'2022-07-19'),
(308,6,1,'2020-05-12'),
(309,3,1,'2021-12-06'),
(310,23,2,'2020-04-30'),
(311,11,2,'2022-07-10'),
(312,14,2,'2021-10-31'),
(313,23,2,'2020-04-29'),
(314,3,1,'2021-11-23'),
(315,27,2,'2020-05-19'),
(316,28,2,'2021-12-01'),
(317,25,1,'2022-07-29'),
(318,26,1,'2020-05-08'),
(319,21,1,'2020-05-10'),
(320,8,1,'2021-11-18'),
(321,28,1,'2021-11-15'),
(322,2,2,'2022-07-08'),
(323,12,2,'2021-11-06'),
(324,5,1,'2020-04-22'),
(325,16,2,'2022-07-31'),
(326,13,2,'2022-08-19'),
(327,12,2,'2021-11-13'),
(328,27,1,'2020-04-23'),
(329,4,1,'2020-05-07'),
(330,16,1,'2022-08-05'),
(331,23,2,'2020-05-17'),
(332,12,2,'2021-11-05'),
(333,4,1,'2020-04-20'),
(334,13,2,'2022-08-16'),
(335,16,1,'2022-08-01'),
(336,27,1,'2020-05-19'),
(337,27,2,'2020-05-15'),
(338,19,2,'2021-10-31'),
(339,26,1,'2020-04-24'),
(340,6,2,'2020-05-24'),
(341,17,2,'2020-05-12'),
(342,26,1,'2020-05-05'),
(343,18,2,'2020-05-07'),
(344,18,1,'2020-05-02'),
(345,12,1,'2021-11-08'),
(346,23,2,'2020-05-10'),
(347,16,2,'2022-07-17'),
(348,12,2,'2021-11-21'),
(349,6,1,'2020-05-14'),
(350,28,2,'2021-12-02'),
(351,7,1,'2020-05-21'),
(352,28,1,'2021-12-02'),
(353,17,1,'2020-05-01'),
(354,17,1,'2020-05-14'),
(355,15,1,'2022-07-17'),
(356,14,2,'2021-10-25'),
(357,21,2,'2020-05-21'),
(358,27,1,'2020-05-06'),
(359,10,2,'2021-11-12'),
(360,10,2,'2021-11-30'),
(361,15,1,'2022-07-15'),
(362,26,2,'2020-04-21'),
(363,15,2,'2022-07-17'),
(364,3,1,'2021-12-06'),
(365,21,1,'2020-05-26'),
(366,24,1,'2021-11-27'),
(367,10,1,'2021-11-18'),
(368,26,1,'2020-05-01'),
(369,6,2,'2020-05-05'),
(370,19,2,'2021-11-25'),
(371,17,2,'2020-05-04'),
(372,27,2,'2020-04-25'),
(373,19,2,'2021-11-11'),
(374,6,2,'2020-04-25'),
(375,7,1,'2020-05-04'),
(376,28,1,'2021-11-23'),
(377,19,1,'2021-11-01'),
(378,17,2,'2020-04-23'),
(379,20,1,'2022-07-24'),
(380,21,1,'2020-05-14'),
(381,5,2,'2020-04-29'),
(382,24,1,'2021-11-25'),
(383,18,2,'2020-05-15'),
(384,23,1,'2020-05-14'),
(385,3,2,'2021-12-04'),
(386,4,2,'2020-04-23'),
(387,18,2,'2020-05-10'),
(388,8,2,'2021-11-01'),
(389,2,1,'2022-06-23'),
(390,4,1,'2020-04-17'),
(391,17,1,'2020-04-17'),
(392,8,1,'2021-11-02'),
(393,23,2,'2020-05-27'),
(394,20,2,'2022-08-15'),
(395,4,2,'2020-05-07'),
(396,16,2,'2022-07-25'),
(397,3,1,'2021-12-13'),
(398,6,1,'2020-05-02'),
(399,20,2,'2022-07-26'),
(400,1,2,'2022-07-21'),
(401,23,1,'2020-04-29'),
(402,24,1,'2021-12-09'),
(403,22,1,'2021-11-21'),
(404,5,1,'2020-05-05'),
(405,10,1,'2021-11-04'),
(406,7,1,'2020-05-01'),
(407,18,1,'2020-04-19'),
(408,22,1,'2021-11-27'),
(409,14,2,'2021-10-22'),
(410,16,1,'2022-07-21'),
(411,9,1,'2020-05-09'),
(412,10,2,'2021-11-04'),
(413,6,1,'2020-05-12'),
(414,18,1,'2020-04-21'),
(415,24,1,'2021-11-25'),
(416,18,2,'2020-04-29'),
(417,5,2,'2020-05-05'),
(418,20,1,'2022-07-26'),
(419,1,2,'2022-07-13'),
(420,1,2,'2022-07-07'),
(421,18,2,'2020-04-27'),
(422,17,1,'2020-04-29'),
(423,14,2,'2021-10-29'),
(424,15,1,'2022-07-23'),
(425,23,2,'2020-05-11'),
(426,25,1,'2022-07-20'),
(427,4,2,'2020-04-19'),
(428,7,1,'2020-05-15'),
(429,5,2,'2020-04-07'),
(430,12,2,'2021-11-11'),
(431,11,1,'2022-07-23'),
(432,25,1,'2022-08-07'),
(433,1,2,'2022-07-11'),
(434,4,2,'2020-04-22'),
(435,10,2,'2021-11-01'),
(436,18,2,'2020-05-07'),
(437,5,1,'2020-04-11'),
(438,15,1,'2022-08-04'),
(439,12,2,'2021-11-11'),
(440,18,1,'2020-05-02'),
(441,28,1,'2021-11-05'),
(442,17,2,'2020-05-02'),
(443,20,1,'2022-08-06'),
(444,14,2,'2021-10-28'),
(445,2,2,'2022-07-05'),
(446,2,1,'2022-06-26'),
(447,26,2,'2020-05-01'),
(448,28,2,'2021-11-26'),
(449,5,1,'2020-05-03'),
(450,10,1,'2021-11-05'),
(451,17,2,'2020-05-01'),
(452,5,1,'2020-04-30'),
(453,16,1,'2022-07-07'),
(454,9,1,'2020-05-22'),
(455,19,1,'2021-11-17'),
(456,17,1,'2020-05-14'),
(457,24,2,'2021-11-29'),
(458,4,2,'2020-05-04'),
(459,15,2,'2022-07-15'),
(460,26,1,'2020-04-17'),
(461,5,1,'2020-04-09'),
(462,18,2,'2020-04-27'),
(463,2,2,'2022-07-21'),
(464,5,2,'2020-04-24'),
(465,28,2,'2021-11-28'),
(466,27,1,'2020-05-03'),
(467,24,2,'2021-11-17'),
(468,14,2,'2021-10-29'),
(469,16,1,'2022-07-26'),
(470,18,2,'2020-04-29'),
(471,2,2,'2022-07-16'),
(472,12,2,'2021-11-18'),
(473,2,2,'2022-07-03'),
(474,21,2,'2020-05-02'),
(475,27,2,'2020-05-15'),
(476,24,1,'2021-11-18'),
(477,4,2,'2020-05-12'),
(478,20,2,'2022-07-29'),
(479,22,2,'2021-11-12'),
(480,6,1,'2020-05-02'),
(481,12,2,'2021-11-16'),
(482,7,2,'2020-05-11'),
(483,7,1,'2020-05-17'),
(484,22,2,'2021-11-02'),
(485,6,2,'2020-05-14'),
(486,15,2,'2022-07-29'),
(487,21,1,'2020-05-06'),
(488,24,1,'2021-12-03'),
(489,22,2,'2021-11-11'),
(490,28,2,'2021-11-29'),
(491,18,1,'2020-05-05'),
(492,28,2,'2021-11-15'),
(493,20,2,'2022-07-31'),
(494,23,1,'2020-05-04'),
(495,2,1,'2022-07-10'),
(496,9,2,'2020-04-30'),
(497,10,2,'2021-11-22'),
(498,10,1,'2021-11-18'),
(499,24,1,'2021-11-16'),
(500,4,1,'2020-04-14'),
(501,20,1,'2022-07-23'),
(502,13,1,'2022-08-09'),
(503,26,1,'2020-04-14'),
(504,11,2,'2022-07-24'),
(505,11,2,'2022-07-27'),
(506,15,1,'2022-08-02'),
(507,13,2,'2022-07-25'),
(508,1,1,'2022-07-19'),
(509,5,2,'2020-04-26'),
(510,18,2,'2020-04-25'),
(511,26,2,'2020-04-17'),
(512,14,1,'2021-11-11'),
(513,13,1,'2022-08-13'),
(514,21,2,'2020-05-19'),
(515,20,1,'2022-08-13'),
(516,4,1,'2020-04-22'),
(517,10,2,'2021-11-25'),
(518,22,1,'2021-11-17'),
(519,21,1,'2020-06-01'),
(520,2,1,'2022-06-24'),
(521,13,2,'2022-08-19'),
(522,8,1,'2021-11-19'),
(523,11,2,'2022-07-22'),
(524,1,1,'2022-07-25'),
(525,12,2,'2021-11-23'),
(526,8,2,'2021-11-14'),
(527,23,1,'2020-05-07'),
(528,20,2,'2022-08-12'),
(529,2,2,'2022-06-26'),
(530,6,2,'2020-05-06'),
(531,4,2,'2020-05-12'),
(532,8,2,'2021-11-22'),
(533,17,2,'2020-05-05'),
(534,6,2,'2020-05-09'),
(535,6,2,'2020-05-10'),
(536,20,1,'2022-07-30'),
(537,16,1,'2022-07-09'),
(538,23,2,'2020-05-22'),
(539,19,1,'2021-11-06'),
(540,8,2,'2021-11-16'),
(541,25,1,'2022-07-15'),
(542,17,2,'2020-04-26'),
(543,1,2,'2022-07-09'),
(544,11,1,'2022-07-23'),
(545,6,1,'2020-04-25'),
(546,26,1,'2020-04-18'),
(547,5,1,'2020-04-29'),
(548,26,2,'2020-04-26'),
(549,17,2,'2020-04-25'),
(550,20,1,'2022-07-31'),
(551,1,2,'2022-07-02'),
(552,12,1,'2021-11-05'),
(553,25,2,'2022-07-26'),
(554,10,2,'2021-11-07'),
(555,8,1,'2021-11-01'),
(556,5,1,'2020-05-05'),
(557,18,1,'2020-05-04'),
(558,7,2,'2020-05-21'),
(559,22,2,'2021-11-27'),
(560,24,1,'2021-11-12'),
(561,12,1,'2021-11-11'),
(562,4,2,'2020-05-05'),
(563,12,2,'2021-11-06'),
(564,19,1,'2021-11-07'),
(565,6,2,'2020-05-07'),
(566,22,1,'2021-11-12'),
(567,8,1,'2021-11-07'),
(568,24,1,'2021-11-17'),
(569,15,2,'2022-07-29'),
(570,13,1,'2022-07-30'),
(571,28,1,'2021-11-22'),
(572,3,1,'2021-12-10'),
(573,9,1,'2020-04-26'),
(574,13,2,'2022-08-18'),
(575,8,2,'2021-11-26'),
(576,19,1,'2021-11-15'),
(577,28,1,'2021-11-06'),
(578,24,2,'2021-11-21'),
(579,16,2,'2022-07-23'),
(580,23,1,'2020-05-06'),
(581,6,2,'2020-05-14'),
(582,16,1,'2022-07-13'),
(583,2,1,'2022-07-06'),
(584,24,2,'2021-11-18'),
(585,11,2,'2022-07-15'),
(586,26,2,'2020-04-25'),
(587,20,2,'2022-07-21'),
(588,13,2,'2022-08-19'),
(589,17,1,'2020-05-03'),
(590,7,1,'2020-05-23'),
(591,18,2,'2020-05-15'),
(592,3,2,'2021-11-30'),
(593,3,2,'2021-12-10'),
(594,1,1,'2022-07-16'),
(595,18,2,'2020-04-21'),
(596,20,2,'2022-08-02'),
(597,7,1,'2020-05-22'),
(598,14,2,'2021-11-06'),
(599,5,1,'2020-05-06'),
(600,9,2,'2020-05-07'),
(601,18,2,'2020-05-04'),
(602,24,2,'2021-12-02'),
(603,2,2,'2022-07-10'),
(604,3,2,'2021-12-05'),
(605,18,2,'2020-04-30'),
(606,17,2,'2020-05-02'),
(607,2,1,'2022-07-14'),
(608,1,1,'2022-06-27'),
(609,25,1,'2022-08-01'),
(610,2,2,'2022-07-11'),
(611,20,1,'2022-07-25'),
(612,20,1,'2022-08-05'),
(613,7,2,'2020-05-11'),
(614,20,2,'2022-07-29'),
(615,20,2,'2022-07-26'),
(616,7,2,'2020-05-16'),
(617,2,1,'2022-07-14'),
(618,17,1,'2020-04-23'),
(619,4,2,'2020-04-23'),
(620,12,2,'2021-11-19'),
(621,4,1,'2020-04-30'),
(622,28,1,'2021-12-04'),
(623,28,1,'2021-11-04'),
(624,2,1,'2022-07-09'),
(625,21,2,'2020-05-20'),
(626,27,1,'2020-05-17'),
(627,17,2,'2020-04-21'),
(628,25,2,'2022-08-09'),
(629,16,2,'2022-07-17'),
(630,14,2,'2021-11-11'),
(631,19,2,'2021-11-26'),
(632,9,2,'2020-05-12'),
(633,19,2,'2021-10-31'),
(634,25,1,'2022-07-22'),
(635,5,2,'2020-04-23'),
(636,16,1,'2022-07-24'),
(637,18,2,'2020-04-28'),
(638,21,2,'2020-05-10'),
(639,14,2,'2021-11-19'),
(640,17,2,'2020-04-22'),
(641,12,2,'2021-12-04'),
(642,26,2,'2020-05-08'),
(643,26,1,'2020-04-26'),
(644,25,2,'2022-08-13'),
(645,5,2,'2020-05-04'),
(646,18,1,'2020-05-12'),
(647,10,2,'2021-11-20'),
(648,11,1,'2022-07-17'),
(649,13,2,'2022-07-26'),
(650,23,2,'2020-05-06'),
(651,21,2,'2020-05-11'),
(652,12,1,'2021-11-29'),
(653,1,1,'2022-07-08'),
(654,4,2,'2020-04-24'),
(655,17,2,'2020-04-26'),
(656,20,1,'2022-07-27'),
(657,26,2,'2020-04-20'),
(658,3,1,'2021-11-19'),
(659,26,1,'2020-04-12'),
(660,5,2,'2020-04-12'),
(661,2,2,'2022-07-09'),
(662,13,1,'2022-07-25'),
(663,18,1,'2020-04-28'),
(664,27,2,'2020-04-27'),
(665,2,1,'2022-07-10'),
(666,4,1,'2020-04-16'),
(667,14,2,'2021-11-08'),
(668,13,1,'2022-08-20'),
(669,26,1,'2020-05-03'),
(670,20,2,'2022-08-06'),
(671,11,2,'2022-07-15'),
(672,12,2,'2021-11-25'),
(673,2,1,'2022-07-11'),
(674,12,2,'2021-11-04'),
(675,6,2,'2020-05-01'),
(676,13,2,'2022-07-29'),
(677,11,2,'2022-07-16'),
(678,24,2,'2021-12-04'),
(679,17,2,'2020-04-28'),
(680,19,1,'2021-10-31'),
(681,15,2,'2022-07-22'),
(682,21,2,'2020-05-03'),
(683,25,2,'2022-07-21'),
(684,9,1,'2020-05-23'),
(685,18,2,'2020-05-02'),
(686,16,2,'2022-07-11'),
(687,22,2,'2021-11-26'),
(688,19,2,'2021-11-23'),
(689,13,1,'2022-08-06'),
(690,20,2,'2022-08-14'),
(691,2,1,'2022-06-27'),
(692,28,1,'2021-11-27'),
(693,28,2,'2021-11-30'),
(694,26,2,'2020-05-09'),
(695,22,1,'2021-11-10'),
(696,19,2,'2021-11-05'),
(697,1,2,'2022-07-10'),
(698,15,2,'2022-08-04'),
(699,1,2,'2022-07-22'),
(700,8,1,'2021-11-13'),
(701,13,1,'2022-07-31'),
(702,6,1,'2020-05-24'),
(703,9,1,'2020-05-04'),
(704,12,1,'2021-12-04'),
(705,22,2,'2021-11-03'),
(706,17,2,'2020-04-29'),
(707,9,1,'2020-05-10'),
(708,7,1,'2020-05-19'),
(709,28,2,'2021-11-05'),
(710,23,1,'2020-05-14'),
(711,8,2,'2021-11-09'),
(712,23,1,'2020-05-26'),
(713,14,2,'2021-10-30'),
(714,11,1,'2022-08-03'),
(715,28,1,'2021-11-04'),
(716,14,2,'2021-11-17'),
(717,25,2,'2022-08-05'),
(718,8,2,'2021-11-06'),
(719,26,1,'2020-04-14'),
(720,1,1,'2022-07-15'),
(721,7,2,'2020-04-28'),
(722,6,2,'2020-05-07'),
(723,17,2,'2020-04-24'),
(724,23,1,'2020-05-13'),
(725,2,1,'2022-07-06'),
(726,19,2,'2021-11-07'),
(727,2,1,'2022-06-28'),
(728,14,2,'2021-11-09'),
(729,13,2,'2022-08-22'),
(730,8,2,'2021-11-12'),
(731,27,2,'2020-04-22'),
(732,12,2,'2021-11-14'),
(733,12,1,'2021-11-12'),
(734,16,1,'2022-07-25'),
(735,13,1,'2022-07-30'),
(736,12,1,'2021-12-02'),
(737,25,1,'2022-07-31'),
(738,24,2,'2021-11-15'),
(739,18,1,'2020-04-20'),
(740,3,1,'2021-12-05'),
(741,6,1,'2020-05-17'),
(742,23,1,'2020-05-28'),
(743,3,2,'2021-12-09'),
(744,7,2,'2020-05-14'),
(745,21,1,'2020-05-25'),
(746,24,1,'2021-11-29'),
(747,24,2,'2021-11-26'),
(748,14,2,'2021-10-26'),
(749,2,2,'2022-07-20'),
(750,11,2,'2022-07-22'),
(751,17,2,'2020-04-30'),
(752,2,2,'2022-07-17'),
(753,7,2,'2020-04-30'),
(754,17,1,'2020-05-13'),
(755,11,1,'2022-07-10'),
(756,16,1,'2022-07-25'),
(757,28,2,'2021-11-23'),
(758,8,2,'2021-11-21'),
(759,4,1,'2020-05-10'),
(760,12,1,'2021-11-12'),
(761,7,1,'2020-04-29'),
(762,3,2,'2021-11-24'),
(763,16,1,'2022-07-10'),
(764,1,1,'2022-07-22'),
(765,8,1,'2021-11-21'),
(766,12,2,'2021-11-22'),
(767,11,2,'2022-08-05'),
(768,22,2,'2021-11-12'),
(769,17,1,'2020-05-12'),
(770,18,2,'2020-04-24'),
(771,9,2,'2020-05-07'),
(772,24,1,'2021-11-30'),
(773,18,2,'2020-04-23'),
(774,21,2,'2020-05-16'),
(775,4,1,'2020-04-30'),
(776,20,2,'2022-08-06'),
(777,1,1,'2022-07-24'),
(778,12,1,'2021-11-13'),
(779,12,1,'2021-11-05'),
(780,11,1,'2022-08-08'),
(781,22,2,'2021-11-18'),
(782,23,1,'2020-05-19'),
(783,28,2,'2021-12-01'),
(784,13,2,'2022-08-17'),
(785,13,2,'2022-08-03'),
(786,14,1,'2021-11-11'),
(787,17,2,'2020-05-06'),
(788,21,1,'2020-05-18'),
(789,21,2,'2020-05-31'),
(790,4,2,'2020-04-17'),
(791,6,2,'2020-05-19'),
(792,4,1,'2020-05-08'),
(793,27,2,'2020-05-01'),
(794,26,2,'2020-04-13'),
(795,14,1,'2021-11-09'),
(796,23,2,'2020-05-04'),
(797,16,1,'2022-07-18'),
(798,15,1,'2022-07-24'),
(799,20,1,'2022-07-25'),
(800,15,1,'2022-07-20'),
(801,21,1,'2020-05-24'),
(802,11,1,'2022-08-04'),
(803,8,1,'2021-11-09'),
(804,19,2,'2021-11-20'),
(805,25,1,'2022-07-21'),
(806,18,1,'2020-04-16'),
(807,8,2,'2021-11-24'),
(808,21,1,'2020-05-20'),
(809,21,2,'2020-05-26'),
(810,16,1,'2022-07-15'),
(811,5,1,'2020-04-20'),
(812,23,1,'2020-05-23'),
(813,15,2,'2022-07-13'),
(814,17,2,'2020-05-05'),
(815,20,2,'2022-08-05'),
(816,2,1,'2022-07-13'),
(817,28,2,'2021-11-25'),
(818,17,2,'2020-05-08'),
(819,23,1,'2020-05-08'),
(820,13,1,'2022-08-07'),
(821,10,2,'2021-11-26'),
(822,20,2,'2022-07-23'),
(823,17,1,'2020-04-23'),
(824,11,2,'2022-07-14'),
(825,6,2,'2020-05-02'),
(826,5,1,'2020-04-27'),
(827,4,2,'2020-05-04'),
(828,28,2,'2021-11-22'),
(829,1,1,'2022-07-01'),
(830,27,2,'2020-05-07'),
(831,2,2,'2022-07-12'),
(832,28,1,'2021-11-08'),
(833,25,2,'2022-07-18'),
(834,25,2,'2022-08-03'),
(835,2,1,'2022-06-22'),
(836,27,2,'2020-05-02'),
(837,10,2,'2021-11-19'),
(838,16,1,'2022-07-17'),
(839,12,1,'2021-11-23'),
(840,12,2,'2021-11-30'),
(841,28,1,'2021-11-24'),
(842,16,1,'2022-07-26'),
(843,10,1,'2021-11-30'),
(844,27,1,'2020-05-06'),
(845,2,2,'2022-06-25'),
(846,27,1,'2020-05-13'),
(847,6,2,'2020-05-15'),
(848,25,2,'2022-08-01'),
(849,4,2,'2020-04-13'),
(850,2,2,'2022-06-26'),
(851,8,1,'2021-11-01'),
(852,7,1,'2020-05-10'),
(853,6,2,'2020-04-28'),
(854,23,2,'2020-05-23'),
(855,19,1,'2021-11-04'),
(856,15,1,'2022-07-28'),
(857,24,2,'2021-12-09'),
(858,11,2,'2022-07-24'),
(859,23,2,'2020-05-04'),
(860,28,2,'2021-11-23'),
(861,27,1,'2020-04-24'),
(862,12,1,'2021-12-03'),
(863,3,2,'2021-11-19'),
(864,27,1,'2020-05-08'),
(865,5,1,'2020-04-30'),
(866,12,2,'2021-11-14'),
(867,1,2,'2022-07-10'),
(868,9,1,'2020-05-19'),
(869,1,2,'2022-07-12'),
(870,23,1,'2020-05-27'),
(871,23,1,'2020-05-02'),
(872,1,2,'2022-07-05'),
(873,19,2,'2021-11-10'),
(874,23,2,'2020-05-28'),
(875,7,1,'2020-04-30'),
(876,23,2,'2020-04-28'),
(877,26,1,'2020-04-19'),
(878,18,1,'2020-05-06'),
(879,15,2,'2022-07-27'),
(880,4,2,'2020-04-24'),
(881,13,1,'2022-08-09'),
(882,24,1,'2021-12-02'),
(883,1,2,'2022-07-15'),
(884,3,2,'2021-11-26'),
(885,11,1,'2022-07-21'),
(886,10,2,'2021-11-20'),
(887,24,1,'2021-11-16'),
(888,2,1,'2022-07-21'),
(889,21,2,'2020-05-20'),
(890,10,1,'2021-11-18'),
(891,11,2,'2022-07-31'),
(892,19,1,'2021-11-01'),
(893,21,1,'2020-05-25'),
(894,11,2,'2022-07-28'),
(895,21,1,'2020-05-16'),
(896,5,1,'2020-04-09'),
(897,10,2,'2021-11-04'),
(898,20,2,'2022-08-15'),
(899,8,2,'2021-11-10'),
(900,17,2,'2020-05-06'),
(901,4,2,'2020-05-08'),
(902,18,1,'2020-05-07'),
(903,26,2,'2020-05-07'),
(904,25,1,'2022-08-05'),
(905,4,2,'2020-05-07'),
(906,28,2,'2021-12-04'),
(907,1,1,'2022-07-01'),
(908,4,2,'2020-04-23'),
(909,23,1,'2020-05-25'),
(910,13,1,'2022-08-12'),
(911,22,1,'2021-11-04'),
(912,2,1,'2022-07-17'),
(913,5,2,'2020-04-28'),
(914,24,1,'2021-11-17'),
(915,20,1,'2022-08-04'),
(916,20,2,'2022-08-06'),
(917,9,1,'2020-05-23'),
(918,10,2,'2021-11-26'),
(919,21,2,'2020-05-21'),
(920,7,2,'2020-05-20'),
(921,23,2,'2020-05-13'),
(922,3,2,'2021-11-23'),
(923,6,2,'2020-05-03'),
(924,20,2,'2022-08-15'),
(925,24,2,'2021-11-23'),
(926,22,1,'2021-11-14'),
(927,24,1,'2021-11-12'),
(928,17,2,'2020-04-19'),
(929,7,2,'2020-05-24'),
(930,3,1,'2021-12-01'),
(931,28,1,'2021-11-13'),
(932,1,2,'2022-07-15'),
(933,17,2,'2020-04-21'),
(934,23,2,'2020-05-13'),
(935,20,2,'2022-07-26'),
(936,24,1,'2021-12-12'),
(937,11,2,'2022-07-10'),
(938,16,2,'2022-07-12'),
(939,25,2,'2022-07-23'),
(940,6,1,'2020-05-14'),
(941,15,1,'2022-08-04'),
(942,28,1,'2021-11-08'),
(943,4,2,'2020-04-23'),
(944,21,1,'2020-05-16'),
(945,28,1,'2021-11-18'),
(946,26,2,'2020-05-05'),
(947,19,2,'2021-10-30'),
(948,15,2,'2022-08-09'),
(949,3,2,'2021-11-25'),
(950,13,2,'2022-08-07'),
(951,5,2,'2020-04-14'),
(952,2,1,'2022-07-06'),
(953,20,1,'2022-07-21'),
(954,19,2,'2021-11-22'),
(955,26,1,'2020-04-22'),
(956,21,1,'2020-05-28'),
(957,12,1,'2021-11-20'),
(958,4,1,'2020-05-02'),
(959,12,2,'2021-11-30'),
(960,13,1,'2022-08-19'),
(961,16,2,'2022-08-01'),
(962,10,2,'2021-11-16'),
(963,18,2,'2020-05-07'),
(964,9,1,'2020-04-24'),
(965,23,1,'2020-05-24'),
(966,1,1,'2022-07-20'),
(967,4,2,'2020-05-01'),
(968,23,1,'2020-05-08'),
(969,2,1,'2022-07-12'),
(970,13,2,'2022-08-09'),
(971,27,1,'2020-05-15'),
(972,14,1,'2021-11-16'),
(973,18,2,'2020-04-29'),
(974,10,1,'2021-11-07'),
(975,3,2,'2021-12-11'),
(976,3,2,'2021-11-27'),
(977,28,1,'2021-11-16'),
(978,14,2,'2021-11-14'),
(979,22,2,'2021-11-01'),
(980,26,2,'2020-04-13'),
(981,26,2,'2020-04-15'),
(982,18,1,'2020-05-14'),
(983,27,2,'2020-05-17'),
(984,8,2,'2021-11-29'),
(985,28,2,'2021-11-21'),
(986,18,1,'2020-05-09'),
(987,22,1,'2021-11-02'),
(988,17,2,'2020-04-27'),
(989,28,2,'2021-11-25'),
(990,1,2,'2022-07-14'),
(991,2,2,'2022-07-15'),
(992,7,2,'2020-04-27'),
(993,10,2,'2021-11-27'),
(994,19,2,'2021-11-10'),
(995,20,1,'2022-08-14'),
(996,1,1,'2022-06-29'),
(997,22,1,'2021-11-09'),
(998,5,1,'2020-04-29'),
(999,28,1,'2021-11-27'),
(1000,8,2,'2021-11-09');



INSERT INTO frontstore_Employees(emp_id,first_name,last_name,title,phone,hired_date) VALUES
(1,'Jamie','Lannister','Sales agent','778-356-4879','2021-06-23'),
(2,'Robert ','baratheon ','Sales agent','778-356-4879','2022-08-08'),
(3,'Ned','Sark','Sales agent','778-356-4879','2021-05-04'),
(4,'Devos ','Seaworth','Sales agent','778-356-4879','2022-01-25'),
(5,'Aegon ','Targaryen','Sales agent','778-356-4879','2020-07-23'),
(6,'Jon','Snow','Sales agent','778-356-4879','2020-09-05'),
(7,'Nezan','Khan','Manager','778-356-4879','2020-01-01');



INSERT INTO frontstore_PurchaseOrders(po_id,item_id,quantity,purchase_date) VALUES
(1,1,3,'2022-05-07'),
(2,2,5,'2022-05-03'),
(3,3,15,'2021-09-29'),
(4,4,1,'2020-02-23'),
(5,5,5,'2020-02-16'),
(6,6,10,'2020-03-05'),
(7,7,13,'2020-03-06'),
(8,8,6,'2021-09-10'),
(9,9,3,'2020-03-05'),
(10,10,14,'2021-09-12'),
(11,11,9,'2022-05-20'),
(12,12,16,'2021-09-15'),
(13,13,2,'2022-06-03'),
(14,14,4,'2021-09-01'),
(15,15,12,'2022-05-21'),
(16,16,16,'2022-05-17'),
(17,17,2,'2020-02-27'),
(18,18,2,'2020-02-26'),
(19,19,15,'2021-09-07'),
(20,20,15,'2022-06-01'),
(21,21,15,'2020-03-13'),
(22,22,3,'2021-09-10'),
(23,23,5,'2020-03-09'),
(24,24,3,'2021-09-23'),
(25,25,16,'2022-05-25'),
(26,26,10,'2020-02-22'),
(27,27,13,'2020-03-03'),
(28,28,10,'2021-09-15');



INSERT INTO frontstore_Customers(customer_id,first_name,last_name,email,phone,city) VALUES
(1,'Zack','Hensley','Zack_Hensley@gmail.com','223-418-3458','Winnipeg'),
(2,'Yoselin','Wolfe','Yoselin_Wolfe@gmail.com','604-840-7860','Calgary'),
(3,'Kiana','Pena','Kiana_Pena@gmail.com','604-544-7355','Calgary'),
(4,'Kaydence','Meyers','Kaydence_Meyers@gmail.com','223-830-8301','Winnipeg'),
(5,'Jaeden','Zavala','Jaeden_Zavala@gmail.com','778-396-1950','Vancouver'),
(6,'Joe','Wolfe','Joe_Wolfe@gmail.com','554-546-8556','Toronto'),
(7,'Arjun','Wilkinson','Arjun_Wilkinson@gmail.com','206-319-9287','Saint John'),
(8,'Layla','Cabrera','Layla_Cabrera@gmail.com','223-434-8264','Winnipeg'),
(9,'Brent','Marshall','Brent_Marshall@gmail.com','604-455-4629','Calgary'),
(10,'Lilly','Vaughn','Lilly_Vaughn@gmail.com','223-764-2625','Winnipeg'),
(11,'Ernesto','Barrera','Ernesto_Barrera@gmail.com','206-231-7943','Saint John'),
(12,'Brooks','Preston','Brooks_Preston@gmail.com','223-794-8781','Winnipeg'),
(13,'Gwendolyn','Vazquez','Gwendolyn_Vazquez@gmail.com','554-941-7574','Toronto'),
(14,'Macie','Schmitt','Macie_Schmitt@gmail.com','554-404-2724','Toronto'),
(15,'Aliza','Barber','Aliza_Barber@gmail.com','604-127-7237','Calgary'),
(16,'Arabella','Grant','Arabella_Grant@gmail.com','554-854-2103','Toronto'),
(17,'Gina','Campos','Gina_Campos@gmail.com','206-443-9719','Saint John'),
(18,'Kira','Reid','Kira_Reid@gmail.com','604-139-8790','Calgary'),
(19,'Mattie','Potter','Mattie_Potter@gmail.com','554-837-9430','Toronto'),
(20,'Davion','Owen','Davion_Owen@gmail.com','206-203-4422','Saint John'),
(21,'Glenn','Middleton','Glenn_Middleton@gmail.com','604-579-1870','Calgary'),
(22,'Aden','Elliott','Aden_Elliott@gmail.com','223-641-1918','Winnipeg'),
(23,'Olive','Zamora','Olive_Zamora@gmail.com','778-646-5256','Vancouver'),
(24,'Tyrese','Wu','Tyrese_Wu@gmail.com','223-149-5564','Winnipeg'),
(25,'Dean','Beltran','Dean_Beltran@gmail.com','223-590-7020','Winnipeg'),
(26,'Bria','Griffin','Bria_Griffin@gmail.com','554-650-1105','Toronto'),
(27,'Tara','Mcintosh','Tara_Mcintosh@gmail.com','206-237-9368','Saint John'),
(28,'Aydin','Rowe','Aydin_Rowe@gmail.com','206-647-5914','Saint John'),
(29,'Antoine','Ryan','Antoine_Ryan@gmail.com','778-624-8465','Vancouver'),
(30,'Craig','Nixon','Craig_Nixon@gmail.com','604-647-2772','Calgary'),
(31,'Kaylyn','Irwin','Kaylyn_Irwin@gmail.com','778-236-5119','Vancouver'),
(32,'Aaliyah','Morrow','Aaliyah_Morrow@gmail.com','206-391-7875','Saint John'),
(33,'Moses','Liu','Moses_Liu@gmail.com','223-195-6367','Winnipeg'),
(34,'Talon','Carpenter','Talon_Carpenter@gmail.com','604-827-4938','Calgary'),
(35,'Alexandra','Joseph','Alexandra_Joseph@gmail.com','778-367-9642','Vancouver'),
(36,'Aaliyah','Higgins','Aaliyah_Higgins@gmail.com','778-478-3207','Vancouver'),
(37,'Antwan','Gregory','Antwan_Gregory@gmail.com','604-834-9948','Calgary'),
(38,'Carly','Hale','Carly_Hale@gmail.com','554-896-3909','Toronto'),
(39,'Harley','Santana','Harley_Santana@gmail.com','554-471-1072','Toronto'),
(40,'Gabrielle','Frye','Gabrielle_Frye@gmail.com','778-482-5467','Vancouver'),
(41,'Hillary','Beltran','Hillary_Beltran@gmail.com','604-876-6372','Calgary'),
(42,'Yusuf','Hubbard','Yusuf_Hubbard@gmail.com','223-875-8408','Winnipeg'),
(43,'Savanah','Harrington','Savanah_Harrington@gmail.com','604-809-3337','Calgary'),
(44,'Martin','Walters','Martin_Walters@gmail.com','223-155-3890','Winnipeg'),
(45,'Benjamin','Hines','Benjamin_Hines@gmail.com','223-451-9332','Winnipeg'),
(46,'Carlos','Clayton','Carlos_Clayton@gmail.com','604-748-3370','Calgary'),
(47,'Daisy','Travis','Daisy_Travis@gmail.com','206-106-2237','Saint John'),
(48,'Patience','Bray','Patience_Bray@gmail.com','223-817-2735','Winnipeg'),
(49,'Camren','Vance','Camren_Vance@gmail.com','604-803-4672','Calgary'),
(50,'Madisyn','Davila','Madisyn_Davila@gmail.com','206-531-2742','Saint John'),
(51,'Heaven','Lucero','Heaven_Lucero@gmail.com','206-981-1995','Saint John'),
(52,'Mya','Davila','Mya_Davila@gmail.com','604-633-5050','Calgary'),
(53,'Brogan','Mathis','Brogan_Mathis@gmail.com','554-194-6689','Toronto'),
(54,'Jaden','Strong','Jaden_Strong@gmail.com','223-125-5043','Winnipeg'),
(55,'Jaliyah','Jackson','Jaliyah_Jackson@gmail.com','206-398-8730','Saint John'),
(56,'Johnathan','Cunningham','Johnathan_Cunningham@gmail.com','604-992-8507','Calgary'),
(57,'Bryanna','Stevens','Bryanna_Stevens@gmail.com','554-343-9033','Toronto'),
(58,'Taliyah','Harding','Taliyah_Harding@gmail.com','778-451-1873','Vancouver'),
(59,'Ryker','Meyers','Ryker_Meyers@gmail.com','223-823-2898','Winnipeg'),
(60,'Leandro','Jacobs','Leandro_Jacobs@gmail.com','778-984-1933','Vancouver'),
(61,'Hudson','Hawkins','Hudson_Hawkins@gmail.com','778-435-8690','Vancouver'),
(62,'Mira','Patrick','Mira_Patrick@gmail.com','604-692-3937','Calgary'),
(63,'Caleb','Grimes','Caleb_Grimes@gmail.com','554-856-2763','Toronto'),
(64,'Sarai','Burton','Sarai_Burton@gmail.com','778-376-8017','Vancouver'),
(65,'Elsa','Hunt','Elsa_Hunt@gmail.com','554-291-2284','Toronto'),
(66,'Jaylen','Monroe','Jaylen_Monroe@gmail.com','778-647-2479','Vancouver'),
(67,'Raelynn','Medina','Raelynn_Medina@gmail.com','223-331-8093','Winnipeg'),
(68,'Layla','Vargas','Layla_Vargas@gmail.com','778-542-5135','Vancouver'),
(69,'Greyson','Warner','Greyson_Warner@gmail.com','778-815-8655','Vancouver'),
(70,'Eliana','Myers','Eliana_Myers@gmail.com','604-200-9997','Calgary'),
(71,'Meadow','Dixon','Meadow_Dixon@gmail.com','554-485-3808','Toronto'),
(72,'Brynn','Oliver','Brynn_Oliver@gmail.com','778-455-9118','Vancouver'),
(73,'Jazlyn','Shaw','Jazlyn_Shaw@gmail.com','554-335-9420','Toronto'),
(74,'Easton','Waters','Easton_Waters@gmail.com','223-252-8538','Winnipeg'),
(75,'Odin','Chan','Odin_Chan@gmail.com','604-271-6395','Calgary'),
(76,'Aliana','Anderson','Aliana_Anderson@gmail.com','778-981-1684','Vancouver'),
(77,'Isis','Mcclain','Isis_Mcclain@gmail.com','554-843-4876','Toronto'),
(78,'Brisa','Pollard','Brisa_Pollard@gmail.com','554-179-1381','Toronto'),
(79,'Charlie','Davis','Charlie_Davis@gmail.com','206-470-5105','Saint John'),
(80,'Tyler','Carey','Tyler_Carey@gmail.com','604-599-2190','Calgary'),
(81,'Marcos','Warren','Marcos_Warren@gmail.com','778-188-9918','Vancouver'),
(82,'Misael','Watkins','Misael_Watkins@gmail.com','604-762-2104','Calgary'),
(83,'Paulina','Howe','Paulina_Howe@gmail.com','554-866-5700','Toronto'),
(84,'Ashlyn','Rush','Ashlyn_Rush@gmail.com','223-260-9670','Winnipeg'),
(85,'Holly','Garcia','Holly_Garcia@gmail.com','778-677-7754','Vancouver'),
(86,'Lainey','Merritt','Lainey_Merritt@gmail.com','778-900-9746','Vancouver'),
(87,'Colt','Gross','Colt_Gross@gmail.com','778-489-9898','Vancouver'),
(88,'Tabitha','Alvarado','Tabitha_Alvarado@gmail.com','554-411-4716','Toronto'),
(89,'Nolan','Singh','Nolan_Singh@gmail.com','604-819-5343','Calgary'),
(90,'Benjamin','Mckinney','Benjamin_Mckinney@gmail.com','554-664-9611','Toronto'),
(91,'Elliot','Holder','Elliot_Holder@gmail.com','778-364-4326','Vancouver'),
(92,'Bella','Pollard','Bella_Pollard@gmail.com','554-202-6862','Toronto'),
(93,'Aiden','Walter','Aiden_Walter@gmail.com','206-197-3911','Saint John'),
(94,'Riley','Obrien','Riley_Obrien@gmail.com','778-593-1438','Vancouver'),
(95,'Delilah','Cabrera','Delilah_Cabrera@gmail.com','554-493-2803','Toronto'),
(96,'Elias','Boyle','Elias_Boyle@gmail.com','206-275-5636','Saint John'),
(97,'Zaid','Robinson','Zaid_Robinson@gmail.com','604-809-4562','Calgary'),
(98,'Aaron','Villegas','Aaron_Villegas@gmail.com','778-339-4163','Vancouver'),
(99,'Lea','Robles','Lea_Robles@gmail.com','223-831-7962','Winnipeg'),
(100,'Liana','Kline','Liana_Kline@gmail.com','554-140-5301','Toronto');

INSERT INTO frontstore_SaleInvoices(invoice_number,order_number_id,customer_id,emp_id,discount,invoice_date) VALUES
(1,1,45,1,0.1,'2020-05-06'),
(2,2,16,1,0.09,'2022-08-21'),
(3,3,4,5,0.02,'2020-05-21'),
(4,4,94,3,0.02,'2020-05-15'),
(5,5,87,1,0.08,'2022-08-24'),
(6,6,38,6,0.09,'2020-05-23'),
(7,7,95,4,0.08,'2022-07-30'),
(8,8,37,2,0.02,'2020-05-16'),
(9,9,7,1,0.03,'2022-08-04'),
(10,10,3,2,0.07,'2022-08-13'),
(11,11,37,3,0.09,'2020-05-21'),
(12,12,8,5,0.02,'2020-06-02'),
(13,13,17,1,0.03,'2020-05-17'),
(14,14,42,2,0.07,'2021-12-04'),
(15,15,22,1,0.07,'2021-12-25'),
(16,16,19,6,0.06,'2022-07-27'),
(17,17,28,4,0.09,'2020-05-09'),
(18,18,97,2,0.05,'2020-06-01'),
(19,19,74,6,0.02,'2021-12-13'),
(20,20,47,5,0.08,'2022-08-01'),
(21,21,86,6,0.09,'2022-09-03'),
(22,22,47,1,0.05,'2020-05-26'),
(23,23,33,4,0.04,'2020-05-08'),
(24,24,51,1,0.06,'2022-07-13'),
(25,25,11,4,0.01,'2020-05-16'),
(26,26,54,1,0.05,'2020-06-02'),
(27,27,49,4,0.02,'2022-08-17'),
(28,28,14,5,0.08,'2022-08-09'),
(29,29,76,3,0.05,'2021-12-17'),
(30,30,14,2,0.09,'2020-05-26'),
(31,31,44,3,0.05,'2020-05-15'),
(32,32,69,2,0.1,'2020-05-25'),
(33,33,30,5,0.09,'2021-12-15'),
(34,34,66,3,0.01,'2021-11-28'),
(35,35,87,6,0.02,'2021-11-28'),
(36,36,60,4,0.09,'2022-08-05'),
(37,37,29,3,0.09,'2020-05-30'),
(38,38,53,1,0.02,'2020-05-26'),
(39,39,53,3,0.07,'2021-11-13'),
(40,40,71,3,0.01,'2020-06-03'),
(41,41,31,5,0.06,'2020-04-13'),
(42,42,41,5,0.05,'2020-05-15'),
(43,43,98,3,0.05,'2021-12-12'),
(44,44,15,5,0.01,'2022-08-19'),
(45,45,47,5,0.06,'2021-12-06'),
(46,46,9,1,0.03,'2021-12-20'),
(47,47,36,1,0.03,'2022-08-10'),
(48,48,31,4,0.02,'2022-08-06'),
(49,49,41,1,0.01,'2021-11-30'),
(50,50,53,5,0.01,'2022-09-05'),
(51,51,53,1,0.07,'2020-06-09'),
(52,52,33,2,0.08,'2021-12-31'),
(53,53,18,5,0.07,'2020-06-06'),
(54,54,97,1,0.08,'2021-12-21'),
(55,55,51,5,0.03,'2022-09-03'),
(56,56,93,3,0.05,'2022-08-03'),
(57,57,38,4,0.08,'2021-12-17'),
(58,58,68,5,0.03,'2021-12-13'),
(59,59,91,1,0.07,'2021-12-23'),
(60,60,46,6,0.05,'2020-05-23'),
(61,61,30,4,0.08,'2022-09-01'),
(62,62,13,2,0.08,'2021-12-06'),
(63,63,70,5,0.07,'2020-04-30'),
(64,64,83,2,0.01,'2021-12-08'),
(65,65,79,5,0.01,'2020-05-17'),
(66,66,94,3,0.05,'2022-07-25'),
(67,67,69,6,0.08,'2020-06-12'),
(68,68,48,6,0.02,'2021-11-21'),
(69,69,73,6,0.1,'2021-11-27'),
(70,70,39,3,0.05,'2022-08-11'),
(71,71,38,4,0.05,'2020-05-19'),
(72,72,39,3,0.08,'2021-11-29'),
(73,73,29,6,0.02,'2022-08-01'),
(74,74,6,1,0.09,'2020-05-26'),
(75,75,76,2,0.03,'2022-08-19'),
(76,76,1,3,0.05,'2020-04-30'),
(77,77,28,1,0.03,'2021-11-12'),
(78,78,67,2,0.01,'2022-08-25'),
(79,79,42,2,0.06,'2020-05-07'),
(80,80,27,3,0.1,'2022-07-30'),
(81,81,84,2,0.1,'2022-08-22'),
(82,82,76,2,0.03,'2021-12-17'),
(83,83,3,2,0.02,'2022-07-25'),
(84,84,56,2,0.1,'2020-05-30'),
(85,85,15,6,0.09,'2021-12-14'),
(86,86,77,3,0.03,'2021-12-18'),
(87,87,89,1,0.02,'2020-05-06'),
(88,88,28,5,0.07,'2021-11-28'),
(89,89,10,6,0.01,'2022-07-24'),
(90,90,4,2,0.07,'2022-07-05'),
(91,91,100,2,0.04,'2021-11-12'),
(92,92,34,4,0.07,'2022-07-15'),
(93,93,19,4,0.06,'2022-08-10'),
(94,94,21,2,0.05,'2020-05-06'),
(95,95,75,1,0.05,'2021-12-26'),
(96,96,61,5,0.1,'2021-11-16'),
(97,97,1,5,0.06,'2020-06-18'),
(98,98,92,2,0.04,'2021-12-19'),
(99,99,63,5,0.08,'2021-11-18'),
(100,100,39,2,0.07,'2022-08-01'),
(101,101,10,4,0.05,'2020-05-30'),
(102,102,43,6,0.08,'2020-06-05'),
(103,103,71,3,0.09,'2021-12-11'),
(104,104,97,4,0.04,'2020-05-09'),
(105,105,2,4,0.08,'2021-12-27'),
(106,106,49,4,0.02,'2020-06-01'),
(107,107,70,1,0.05,'2021-11-17'),
(108,108,19,4,0.02,'2020-05-12'),
(109,109,33,2,0.01,'2021-11-30'),
(110,110,24,6,0.04,'2022-08-04'),
(111,111,5,3,0.07,'2020-05-10'),
(112,112,25,5,0.05,'2021-10-31'),
(113,113,8,5,0.04,'2021-12-07'),
(114,114,87,3,0.06,'2022-08-15'),
(115,115,100,6,0.03,'2020-06-03'),
(116,116,28,5,0.09,'2020-05-13'),
(117,117,28,1,0.01,'2022-07-16'),
(118,118,14,6,0.04,'2022-08-03'),
(119,119,73,1,0.03,'2021-12-03'),
(120,120,9,2,0.02,'2020-05-08'),
(121,121,34,4,0.08,'2021-12-07'),
(122,122,39,6,0.07,'2022-07-28'),
(123,123,64,2,0.09,'2021-11-17'),
(124,124,79,3,0.05,'2022-08-24'),
(125,125,42,4,0.03,'2022-07-14'),
(126,126,59,6,0.1,'2021-12-01'),
(127,127,86,6,0.04,'2020-06-04'),
(128,128,60,3,0.01,'2020-06-11'),
(129,129,19,1,0.01,'2020-05-29'),
(130,130,38,5,0.04,'2021-11-19'),
(131,131,15,1,0.09,'2021-12-25'),
(132,132,7,2,0.07,'2022-07-17'),
(133,133,94,4,0.07,'2022-09-07'),
(134,134,61,3,0.03,'2021-12-18'),
(135,135,89,4,0.03,'2022-08-13'),
(136,136,7,6,0.06,'2021-12-11'),
(137,137,25,2,0.08,'2020-05-22'),
(138,138,10,6,0.03,'2021-12-20'),
(139,139,36,4,0.01,'2021-12-18'),
(140,140,47,5,0.04,'2020-05-26'),
(141,141,62,1,0.07,'2020-05-22'),
(142,142,84,1,0.1,'2021-12-01'),
(143,143,70,4,0.07,'2020-06-10'),
(144,144,14,6,0.07,'2021-11-29'),
(145,145,49,6,0.08,'2022-08-23'),
(146,146,53,2,0.06,'2020-05-13'),
(147,147,9,2,0.09,'2021-11-01'),
(148,148,68,6,0.09,'2022-08-11'),
(149,149,52,6,0.06,'2020-06-03'),
(150,150,40,4,0.09,'2020-05-06'),
(151,151,18,4,0.05,'2020-04-30'),
(152,152,45,5,0.05,'2020-04-27'),
(153,153,30,6,0.05,'2020-05-08'),
(154,154,66,6,0.05,'2022-07-20'),
(155,155,12,2,0.07,'2022-07-26'),
(156,156,79,5,0.09,'2021-12-07'),
(157,157,72,2,0.01,'2020-04-21'),
(158,158,28,3,0.04,'2020-05-28'),
(159,159,11,5,0.08,'2021-11-13'),
(160,160,40,4,0.07,'2022-07-27'),
(161,161,16,6,0.04,'2022-08-05'),
(162,162,15,6,0.09,'2020-05-30'),
(163,163,58,2,0.05,'2021-12-22'),
(164,164,64,3,0.05,'2020-05-17'),
(165,165,5,2,0.1,'2020-05-07'),
(166,166,60,4,0.08,'2020-06-01'),
(167,167,64,6,0.09,'2020-05-29'),
(168,168,33,6,0.02,'2022-08-26'),
(169,169,78,6,0.04,'2020-05-10'),
(170,170,86,3,0.02,'2022-08-10'),
(171,171,23,5,0.01,'2020-04-30'),
(172,172,39,1,0.09,'2020-05-21'),
(173,173,98,4,0.09,'2020-06-14'),
(174,174,61,6,0.05,'2020-05-19'),
(175,175,91,6,0.03,'2021-11-15'),
(176,176,38,1,0.09,'2021-12-12'),
(177,177,78,3,0.06,'2021-11-27'),
(178,178,31,4,0.07,'2021-11-22'),
(179,179,66,1,0.01,'2021-12-01'),
(180,180,42,6,0.07,'2021-11-05'),
(181,181,45,5,0.06,'2020-05-25'),
(182,182,97,1,0.09,'2020-05-17'),
(183,183,39,3,0.04,'2020-05-18'),
(184,184,2,6,0.06,'2020-05-17'),
(185,185,8,3,0.07,'2020-05-01'),
(186,186,13,4,0.09,'2021-11-25'),
(187,187,39,4,0.04,'2021-11-17'),
(188,188,57,6,0.1,'2021-12-14'),
(189,189,33,5,0.01,'2022-08-15'),
(190,190,14,4,0.02,'2022-08-20'),
(191,191,21,2,0.07,'2022-08-20'),
(192,192,51,3,0.03,'2020-05-10'),
(193,193,28,3,0.08,'2020-05-18'),
(194,194,96,6,0.08,'2022-06-30'),
(195,195,100,3,0.08,'2020-05-15'),
(196,196,10,5,0.05,'2021-12-17'),
(197,197,31,1,0.1,'2020-05-14'),
(198,198,66,3,0.08,'2022-09-05'),
(199,199,33,1,0.09,'2020-04-29'),
(200,200,37,1,0.06,'2020-05-28'),
(201,201,76,2,0.09,'2020-05-23'),
(202,202,24,3,0.1,'2022-07-28'),
(203,203,83,1,0.04,'2021-11-28'),
(204,204,6,5,0.06,'2020-04-24'),
(205,205,57,6,0.07,'2022-08-05'),
(206,206,4,4,0.08,'2021-12-24'),
(207,207,94,1,0.03,'2021-11-01'),
(208,208,14,6,0.01,'2021-11-26'),
(209,209,77,6,0.04,'2021-11-19'),
(210,210,1,2,0.05,'2021-11-16'),
(211,211,27,4,0.06,'2020-05-16'),
(212,212,8,4,0.08,'2022-08-06'),
(213,213,22,5,0.05,'2020-04-30'),
(214,214,19,2,0.02,'2021-12-08'),
(215,215,95,3,0.09,'2022-07-17'),
(216,216,71,1,0.03,'2021-11-18'),
(217,217,55,5,0.01,'2020-06-05'),
(218,218,43,6,0.05,'2020-05-22'),
(219,219,8,2,0.04,'2020-06-02'),
(220,220,35,1,0.09,'2021-11-28'),
(221,221,21,6,0.05,'2021-11-27'),
(222,222,45,1,0.09,'2022-08-07'),
(223,223,93,2,0.03,'2020-05-21'),
(224,224,39,6,0.1,'2020-05-09'),
(225,225,20,2,0.09,'2021-12-16'),
(226,226,35,5,0.03,'2020-05-14'),
(227,227,58,3,0.06,'2020-05-23'),
(228,228,92,3,0.03,'2020-06-05'),
(229,229,47,1,0.05,'2021-12-08'),
(230,230,69,6,0.04,'2020-05-06'),
(231,231,21,2,0.04,'2020-05-22'),
(232,232,32,1,0.1,'2021-11-10'),
(233,233,68,6,0.07,'2020-05-24'),
(234,234,10,5,0.07,'2020-05-04'),
(235,235,79,3,0.06,'2020-06-01'),
(236,236,51,1,0.01,'2021-12-17'),
(237,237,72,6,0.09,'2021-11-05'),
(238,238,52,4,0.09,'2020-05-22'),
(239,239,39,5,0.05,'2022-08-03'),
(240,240,94,2,0.09,'2022-08-22'),
(241,241,64,3,0.1,'2022-08-12'),
(242,242,79,1,0.05,'2021-12-24'),
(243,243,75,4,0.06,'2020-06-06'),
(244,244,7,6,0.09,'2022-08-12'),
(245,245,21,3,0.01,'2022-08-12'),
(246,246,20,3,0.08,'2021-12-09'),
(247,247,59,1,0.1,'2020-05-29'),
(248,248,83,4,0.01,'2021-12-18'),
(249,249,40,4,0.1,'2020-06-05'),
(250,250,40,5,0.03,'2021-11-25'),
(251,251,79,4,0.09,'2020-05-07'),
(252,252,83,5,0.06,'2020-06-13'),
(253,253,20,6,0.01,'2022-08-22'),
(254,254,38,3,0.02,'2021-12-02'),
(255,255,21,2,0.07,'2021-11-26'),
(256,256,20,1,0.1,'2020-04-29'),
(257,257,41,6,0.06,'2021-12-14'),
(258,258,65,1,0.03,'2020-04-23'),
(259,259,14,1,0.03,'2022-07-12'),
(260,260,56,1,0.08,'2022-01-02'),
(261,261,84,5,0.09,'2020-05-26'),
(262,262,86,2,0.1,'2020-04-27'),
(263,263,96,4,0.07,'2021-12-12'),
(264,264,67,4,0.01,'2022-08-02'),
(265,265,63,3,0.05,'2020-06-11'),
(266,266,65,1,0.03,'2020-05-09'),
(267,267,46,4,0.02,'2022-08-21'),
(268,268,39,2,0.1,'2021-11-10'),
(269,269,73,4,0.05,'2021-11-30'),
(270,270,68,5,0.04,'2020-04-25'),
(271,271,76,4,0.08,'2021-11-06'),
(272,272,85,4,0.1,'2020-05-23'),
(273,273,96,3,0.07,'2020-06-01'),
(274,274,71,2,0.05,'2020-05-11'),
(275,275,56,3,0.04,'2022-08-24'),
(276,276,100,2,0.03,'2020-05-18'),
(277,277,5,1,0.03,'2020-05-09'),
(278,278,61,4,0.05,'2021-11-21'),
(279,279,9,4,0.09,'2021-12-04'),
(280,280,77,1,0.01,'2020-04-27'),
(281,281,57,1,0.01,'2020-05-23'),
(282,282,58,5,0.1,'2020-05-13'),
(283,283,58,4,0.1,'2021-11-22'),
(284,284,29,5,0.04,'2020-05-16'),
(285,285,34,3,0.01,'2022-08-16'),
(286,286,28,2,0.04,'2020-05-13'),
(287,287,27,1,0.05,'2022-08-19'),
(288,288,99,3,0.02,'2020-05-22'),
(289,289,74,1,0.1,'2020-05-30'),
(290,290,12,3,0.1,'2021-12-05'),
(291,291,21,4,0.1,'2021-11-06'),
(292,292,65,3,0.01,'2022-08-14'),
(293,293,16,5,0.03,'2022-08-09'),
(294,294,24,1,0.04,'2020-05-18'),
(295,295,21,1,0.01,'2021-11-30'),
(296,296,39,2,0.07,'2020-05-21'),
(297,297,2,1,0.07,'2022-01-01'),
(298,298,94,3,0.03,'2021-11-17'),
(299,299,50,2,0.1,'2020-05-05'),
(300,300,9,3,0.1,'2020-06-01'),
(301,301,28,3,0.04,'2022-07-19'),
(302,302,22,2,0.01,'2021-12-05'),
(303,303,9,6,0.03,'2020-05-23'),
(304,304,42,6,0.05,'2021-12-11'),
(305,305,75,6,0.01,'2020-05-07'),
(306,306,73,2,0.05,'2021-12-03'),
(307,307,43,2,0.01,'2022-07-21'),
(308,308,80,4,0.05,'2020-05-24'),
(309,309,91,4,0.06,'2021-12-09'),
(310,310,17,5,0.06,'2020-05-19'),
(311,311,2,4,0.05,'2022-07-23'),
(312,312,87,2,0.03,'2021-11-30'),
(313,313,38,5,0.08,'2020-05-12'),
(314,314,21,4,0.02,'2021-12-14'),
(315,315,39,5,0.09,'2020-05-19'),
(316,316,91,1,0.01,'2021-12-31'),
(317,317,10,5,0.06,'2022-08-25'),
(318,318,94,3,0.06,'2020-06-06'),
(319,319,44,3,0.09,'2020-05-25'),
(320,320,69,4,0.05,'2021-11-18'),
(321,321,51,6,0.01,'2021-12-15'),
(322,322,6,3,0.05,'2022-07-25'),
(323,323,19,5,0.04,'2021-12-04'),
(324,324,78,6,0.09,'2020-05-03'),
(325,325,51,5,0.05,'2022-08-15'),
(326,326,53,2,0.01,'2022-09-04'),
(327,327,9,5,0.07,'2021-11-23'),
(328,328,94,6,0.09,'2020-05-09'),
(329,329,31,1,0.1,'2020-05-25'),
(330,330,76,2,0.06,'2022-08-08'),
(331,331,83,3,0.1,'2020-06-10'),
(332,332,28,5,0.04,'2021-11-28'),
(333,333,83,4,0.05,'2020-05-14'),
(334,334,2,2,0.1,'2022-08-24'),
(335,335,26,3,0.05,'2022-08-15'),
(336,336,38,5,0.09,'2020-06-04'),
(337,337,71,2,0.07,'2020-05-20'),
(338,338,14,3,0.06,'2021-11-16'),
(339,339,29,1,0.09,'2020-05-22'),
(340,340,95,4,0.08,'2020-06-06'),
(341,341,78,2,0.1,'2020-05-18'),
(342,342,49,6,0.06,'2020-05-22'),
(343,343,1,1,0.04,'2020-06-04'),
(344,344,35,3,0.02,'2020-05-29'),
(345,345,1,1,0.1,'2021-12-06'),
(346,346,88,1,0.08,'2020-06-02'),
(347,347,70,3,0.04,'2022-08-01'),
(348,348,50,4,0.08,'2021-12-06'),
(349,349,88,1,0.06,'2020-05-14'),
(350,350,97,5,0.07,'2021-12-31'),
(351,351,21,6,0.03,'2020-05-27'),
(352,352,10,4,0.05,'2021-12-10'),
(353,353,25,5,0.04,'2020-05-20'),
(354,354,96,2,0.08,'2020-05-24'),
(355,355,66,5,0.04,'2022-08-12'),
(356,356,76,5,0.04,'2021-11-06'),
(357,357,54,6,0.1,'2020-06-19'),
(358,358,92,4,0.08,'2020-05-11'),
(359,359,62,3,0.05,'2021-11-14'),
(360,360,9,3,0.06,'2021-12-17'),
(361,361,27,1,0.04,'2022-08-10'),
(362,362,1,6,0.05,'2020-05-20'),
(363,363,82,5,0.01,'2022-07-19'),
(364,364,46,2,0.09,'2021-12-24'),
(365,365,30,6,0.07,'2020-06-13'),
(366,366,34,5,0.01,'2021-12-08'),
(367,367,33,6,0.04,'2021-11-27'),
(368,368,70,3,0.01,'2020-05-09'),
(369,369,2,1,0.02,'2020-05-13'),
(370,370,99,3,0.03,'2021-12-03'),
(371,371,15,1,0.06,'2020-05-13'),
(372,372,46,5,0.08,'2020-05-16'),
(373,373,63,3,0.06,'2021-11-17'),
(374,374,46,1,0.03,'2020-05-13'),
(375,375,45,1,0.03,'2020-05-10'),
(376,376,42,3,0.04,'2021-11-23'),
(377,377,21,5,0.09,'2021-11-06'),
(378,378,97,4,0.1,'2020-05-14'),
(379,379,40,4,0.04,'2022-08-14'),
(380,380,18,4,0.01,'2020-06-13'),
(381,381,39,4,0.03,'2020-05-24'),
(382,382,79,2,0.09,'2021-12-24'),
(383,383,30,6,0.09,'2020-05-15'),
(384,384,90,2,0.1,'2020-05-23'),
(385,385,89,6,0.06,'2021-12-29'),
(386,386,54,5,0.06,'2020-04-26'),
(387,387,79,3,0.06,'2020-05-11'),
(388,388,96,5,0.03,'2021-12-01'),
(389,389,23,1,0.06,'2022-06-25'),
(390,390,16,4,0.01,'2020-04-20'),
(391,391,24,4,0.09,'2020-05-15'),
(392,392,28,1,0.02,'2021-11-11'),
(393,393,19,4,0.08,'2020-06-20'),
(394,394,16,4,0.06,'2022-08-26'),
(395,395,33,1,0.04,'2020-05-30'),
(396,396,72,6,0.06,'2022-08-15'),
(397,397,76,3,0.05,'2021-12-17'),
(398,398,55,2,0.01,'2020-06-01'),
(399,399,79,2,0.08,'2022-08-03'),
(400,400,66,1,0.08,'2022-08-10'),
(401,401,62,3,0.05,'2020-05-02'),
(402,402,17,3,0.1,'2021-12-28'),
(403,403,91,6,0.04,'2021-11-28'),
(404,404,97,5,0.1,'2020-05-24'),
(405,405,29,3,0.04,'2021-11-16'),
(406,406,77,6,0.08,'2020-05-23'),
(407,407,66,5,0.05,'2020-05-14'),
(408,408,97,6,0.06,'2021-11-29'),
(409,409,71,5,0.1,'2021-11-06'),
(410,410,57,6,0.06,'2022-07-30'),
(411,411,75,2,0.1,'2020-06-03'),
(412,412,20,3,0.09,'2021-11-18'),
(413,413,73,2,0.02,'2020-05-25'),
(414,414,16,3,0.09,'2020-05-09'),
(415,415,53,2,0.07,'2021-11-28'),
(416,416,93,5,0.06,'2020-05-01'),
(417,417,56,1,0.1,'2020-05-09'),
(418,418,66,4,0.06,'2022-08-14'),
(419,419,76,4,0.01,'2022-08-01'),
(420,420,83,4,0.06,'2022-08-01'),
(421,421,82,5,0.06,'2020-05-26'),
(422,422,31,3,0.07,'2020-05-20'),
(423,423,18,2,0.08,'2021-11-24'),
(424,424,7,2,0.01,'2022-08-12'),
(425,425,24,2,0.08,'2020-05-13'),
(426,426,38,3,0.07,'2022-07-31'),
(427,427,76,1,0.1,'2020-05-03'),
(428,428,78,2,0.06,'2020-05-16'),
(429,429,8,2,0.05,'2020-04-18'),
(430,430,47,5,0.08,'2021-12-10'),
(431,431,41,2,0.04,'2022-07-24'),
(432,432,66,6,0.08,'2022-09-02'),
(433,433,7,6,0.1,'2022-07-27'),
(434,434,34,4,0.07,'2020-04-25'),
(435,435,3,3,0.06,'2021-11-10'),
(436,436,87,6,0.03,'2020-06-05'),
(437,437,4,5,0.06,'2020-04-23'),
(438,438,59,4,0.07,'2022-08-11'),
(439,439,26,6,0.09,'2021-12-10'),
(440,440,35,1,0.1,'2020-05-05'),
(441,441,73,4,0.01,'2021-12-01'),
(442,442,75,6,0.04,'2020-05-16'),
(443,443,70,6,0.1,'2022-08-23'),
(444,444,78,3,0.04,'2021-11-13'),
(445,445,40,4,0.07,'2022-07-06'),
(446,446,79,3,0.06,'2022-07-07'),
(447,447,6,6,0.05,'2020-05-04'),
(448,448,66,4,0.07,'2021-12-15'),
(449,449,43,5,0.07,'2020-05-22'),
(450,450,49,5,0.05,'2021-11-21'),
(451,451,83,4,0.06,'2020-05-01'),
(452,452,90,2,0.07,'2020-05-10'),
(453,453,79,1,0.03,'2022-07-17'),
(454,454,98,1,0.06,'2020-06-19'),
(455,455,83,2,0.07,'2021-12-02'),
(456,456,46,1,0.1,'2020-05-20'),
(457,457,100,5,0.07,'2021-12-08'),
(458,458,24,2,0.09,'2020-05-31'),
(459,459,65,3,0.07,'2022-07-24'),
(460,460,7,4,0.05,'2020-05-07'),
(461,461,77,4,0.06,'2020-04-15'),
(462,462,39,3,0.05,'2020-05-03'),
(463,463,94,6,0.01,'2022-07-31'),
(464,464,46,6,0.02,'2020-05-24'),
(465,465,60,5,0.01,'2021-12-21'),
(466,466,78,4,0.08,'2020-05-15'),
(467,467,28,2,0.06,'2021-12-03'),
(468,468,48,5,0.1,'2021-11-01'),
(469,469,88,4,0.09,'2022-08-20'),
(470,470,81,3,0.01,'2020-05-24'),
(471,471,77,3,0.02,'2022-08-03'),
(472,472,29,2,0.02,'2021-12-06'),
(473,473,76,3,0.04,'2022-08-02'),
(474,474,7,5,0.01,'2020-05-07'),
(475,475,58,5,0.06,'2020-06-05'),
(476,476,63,4,0.09,'2021-11-20'),
(477,477,59,3,0.08,'2020-05-13'),
(478,478,91,1,0.01,'2022-08-14'),
(479,479,63,4,0.06,'2021-12-11'),
(480,480,81,6,0.03,'2020-05-02'),
(481,481,77,6,0.04,'2021-11-22'),
(482,482,1,5,0.06,'2020-05-13'),
(483,483,82,2,0.02,'2020-05-21'),
(484,484,52,4,0.09,'2021-11-22'),
(485,485,52,3,0.01,'2020-05-22'),
(486,486,60,4,0.03,'2022-08-19'),
(487,487,84,1,0.05,'2020-05-11'),
(488,488,1,2,0.03,'2022-01-02'),
(489,489,9,1,0.04,'2021-11-26'),
(490,490,27,3,0.09,'2021-12-23'),
(491,491,82,6,0.08,'2020-05-16'),
(492,492,89,3,0.02,'2021-12-11'),
(493,493,84,4,0.07,'2022-08-06'),
(494,494,73,5,0.1,'2020-06-01'),
(495,495,24,2,0.02,'2022-07-15'),
(496,496,74,4,0.1,'2020-05-22'),
(497,497,55,4,0.07,'2021-11-30'),
(498,498,50,6,0.07,'2021-11-18'),
(499,499,71,1,0.07,'2021-12-05'),
(500,500,44,6,0.04,'2020-05-06'),
(501,501,53,6,0.08,'2022-08-07'),
(502,502,7,1,0.04,'2022-08-29'),
(503,503,51,1,0.08,'2020-04-27'),
(504,504,41,3,0.1,'2022-08-01'),
(505,505,70,5,0.03,'2022-08-11'),
(506,506,12,2,0.1,'2022-08-26'),
(507,507,36,2,0.01,'2022-08-11'),
(508,508,3,2,0.1,'2022-08-18'),
(509,509,32,3,0.06,'2020-04-26'),
(510,510,59,6,0.02,'2020-05-05'),
(511,511,99,4,0.03,'2020-04-26'),
(512,512,21,3,0.03,'2021-11-12'),
(513,513,86,2,0.09,'2022-08-22'),
(514,514,7,5,0.09,'2020-05-19'),
(515,515,98,3,0.03,'2022-09-08'),
(516,516,11,6,0.08,'2020-05-02'),
(517,517,23,3,0.02,'2021-11-30'),
(518,518,26,2,0.01,'2021-12-10'),
(519,519,67,3,0.09,'2020-06-13'),
(520,520,83,2,0.09,'2022-07-21'),
(521,521,58,1,0.04,'2022-09-09'),
(522,522,59,6,0.08,'2021-12-19'),
(523,523,100,1,0.1,'2022-07-29'),
(524,524,31,1,0.07,'2022-08-10'),
(525,525,83,2,0.09,'2021-11-27'),
(526,526,59,4,0.03,'2021-11-16'),
(527,527,44,2,0.1,'2020-05-25'),
(528,528,3,4,0.07,'2022-08-14'),
(529,529,57,5,0.08,'2022-07-13'),
(530,530,20,3,0.03,'2020-05-26'),
(531,531,54,3,0.06,'2020-06-05'),
(532,532,5,5,0.07,'2021-11-25'),
(533,533,11,5,0.01,'2020-05-11'),
(534,534,76,2,0.08,'2020-05-28'),
(535,535,65,5,0.06,'2020-05-30'),
(536,536,51,1,0.09,'2022-08-10'),
(537,537,80,3,0.07,'2022-07-19'),
(538,538,76,5,0.09,'2020-05-22'),
(539,539,2,4,0.09,'2021-12-01'),
(540,540,10,1,0.01,'2021-11-20'),
(541,541,13,4,0.06,'2022-07-24'),
(542,542,47,1,0.05,'2020-05-09'),
(543,543,13,1,0.06,'2022-07-19'),
(544,544,39,2,0.03,'2022-08-08'),
(545,545,76,5,0.09,'2020-05-10'),
(546,546,100,5,0.04,'2020-05-09'),
(547,547,57,5,0.05,'2020-05-05'),
(548,548,67,2,0.09,'2020-05-19'),
(549,549,73,2,0.09,'2020-05-05'),
(550,550,51,5,0.01,'2022-08-01'),
(551,551,20,4,0.03,'2022-07-15'),
(552,552,50,1,0.09,'2021-12-01'),
(553,553,73,2,0.01,'2022-08-02'),
(554,554,52,4,0.01,'2021-11-28'),
(555,555,67,5,0.01,'2021-11-21'),
(556,556,53,1,0.02,'2020-05-07'),
(557,557,74,6,0.03,'2020-05-30'),
(558,558,12,1,0.06,'2020-06-11'),
(559,559,80,5,0.08,'2021-11-28'),
(560,560,22,5,0.09,'2021-11-30'),
(561,561,95,1,0.03,'2021-12-08'),
(562,562,10,1,0.04,'2020-06-02'),
(563,563,36,2,0.06,'2021-11-07'),
(564,564,71,1,0.07,'2021-11-15'),
(565,565,29,3,0.09,'2020-05-25'),
(566,566,20,3,0.06,'2021-12-06'),
(567,567,99,5,0.1,'2021-11-18'),
(568,568,67,4,0.03,'2021-12-10'),
(569,569,45,3,0.03,'2022-08-26'),
(570,570,50,1,0.09,'2022-08-20'),
(571,571,81,5,0.09,'2021-12-02'),
(572,572,65,4,0.09,'2022-01-07'),
(573,573,21,4,0.02,'2020-05-05'),
(574,574,64,5,0.07,'2022-09-01'),
(575,575,70,5,0.04,'2021-12-26'),
(576,576,12,4,0.06,'2021-11-20'),
(577,577,79,1,0.03,'2021-11-11'),
(578,578,34,1,0.09,'2021-11-22'),
(579,579,34,1,0.07,'2022-08-21'),
(580,580,39,3,0.01,'2020-05-11'),
(581,581,57,1,0.04,'2020-06-07'),
(582,582,32,2,0.01,'2022-07-20'),
(583,583,7,5,0.09,'2022-08-05'),
(584,584,84,1,0.08,'2021-12-10'),
(585,585,23,2,0.06,'2022-07-26'),
(586,586,10,4,0.04,'2020-05-22'),
(587,587,59,6,0.1,'2022-08-16'),
(588,588,10,5,0.08,'2022-08-29'),
(589,589,18,5,0.1,'2020-05-08'),
(590,590,32,4,0.07,'2020-06-09'),
(591,591,5,1,0.1,'2020-05-18'),
(592,592,36,3,0.09,'2021-12-10'),
(593,593,38,1,0.03,'2021-12-28'),
(594,594,70,1,0.1,'2022-08-10'),
(595,595,27,2,0.03,'2020-05-16'),
(596,596,56,2,0.09,'2022-08-17'),
(597,597,20,2,0.04,'2020-05-24'),
(598,598,20,6,0.04,'2021-12-05'),
(599,599,98,6,0.04,'2020-05-13'),
(600,600,25,2,0.05,'2020-05-26'),
(601,601,27,1,0.08,'2020-05-22'),
(602,602,63,6,0.05,'2021-12-25'),
(603,603,87,3,0.09,'2022-08-09'),
(604,604,19,4,0.1,'2021-12-29'),
(605,605,98,6,0.04,'2020-04-30'),
(606,606,89,2,0.09,'2020-05-15'),
(607,607,66,2,0.1,'2022-08-05'),
(608,608,57,1,0.03,'2022-07-18'),
(609,609,53,6,0.02,'2022-08-24'),
(610,610,96,3,0.02,'2022-07-24'),
(611,611,30,1,0.06,'2022-07-29'),
(612,612,5,1,0.07,'2022-08-17'),
(613,613,6,5,0.04,'2020-05-15'),
(614,614,14,2,0.03,'2022-08-16'),
(615,615,38,2,0.07,'2022-07-29'),
(616,616,71,3,0.02,'2020-05-23'),
(617,617,37,6,0.07,'2022-08-11'),
(618,618,25,2,0.01,'2020-04-26'),
(619,619,10,4,0.07,'2020-04-27'),
(620,620,66,6,0.1,'2021-12-01'),
(621,621,19,6,0.02,'2020-05-29'),
(622,622,14,3,0.04,'2021-12-22'),
(623,623,24,4,0.09,'2021-11-21'),
(624,624,7,6,0.06,'2022-07-10'),
(625,625,6,1,0.08,'2020-06-12'),
(626,626,36,4,0.05,'2020-06-12'),
(627,627,2,3,0.07,'2020-05-20'),
(628,628,79,1,0.04,'2022-08-22'),
(629,629,2,3,0.08,'2022-08-09'),
(630,630,40,4,0.02,'2021-11-30'),
(631,631,92,5,0.1,'2021-12-05'),
(632,632,41,5,0.06,'2020-05-26'),
(633,633,37,3,0.1,'2021-11-03'),
(634,634,74,4,0.07,'2022-07-23'),
(635,635,32,4,0.01,'2020-04-26'),
(636,636,88,5,0.07,'2022-07-28'),
(637,637,15,3,0.06,'2020-05-14'),
(638,638,51,1,0.08,'2020-05-22'),
(639,639,66,4,0.07,'2021-11-19'),
(640,640,42,3,0.05,'2020-04-30'),
(641,641,22,4,0.06,'2021-12-14'),
(642,642,5,3,0.1,'2020-05-09'),
(643,643,33,4,0.06,'2020-05-17'),
(644,644,81,1,0.09,'2022-08-21'),
(645,645,72,5,0.04,'2020-05-31'),
(646,646,45,2,0.02,'2020-05-19'),
(647,647,77,1,0.05,'2021-12-15'),
(648,648,87,6,0.05,'2022-08-14'),
(649,649,89,1,0.07,'2022-08-11'),
(650,650,9,1,0.04,'2020-06-04'),
(651,651,7,1,0.1,'2020-05-24'),
(652,652,56,1,0.02,'2021-12-23'),
(653,653,22,5,0.1,'2022-07-20'),
(654,654,48,1,0.06,'2020-05-15'),
(655,655,96,6,0.08,'2020-05-25'),
(656,656,75,1,0.03,'2022-08-18'),
(657,657,12,5,0.02,'2020-04-30'),
(658,658,2,4,0.01,'2021-12-05'),
(659,659,26,6,0.03,'2020-05-01'),
(660,660,48,4,0.04,'2020-04-15'),
(661,661,98,3,0.06,'2022-08-07'),
(662,662,29,3,0.05,'2022-07-28'),
(663,663,94,1,0.02,'2020-05-01'),
(664,664,55,4,0.03,'2020-05-15'),
(665,665,60,1,0.09,'2022-07-13'),
(666,666,89,4,0.01,'2020-04-21'),
(667,667,30,1,0.03,'2021-12-02'),
(668,668,70,3,0.05,'2022-09-10'),
(669,669,99,2,0.03,'2020-05-19'),
(670,670,37,3,0.08,'2022-08-12'),
(671,671,96,4,0.01,'2022-08-12'),
(672,672,67,5,0.08,'2021-12-13'),
(673,673,38,2,0.1,'2022-08-03'),
(674,674,17,1,0.01,'2021-11-25'),
(675,675,44,1,0.1,'2020-05-31'),
(676,676,93,6,0.04,'2022-08-23'),
(677,677,20,4,0.01,'2022-07-16'),
(678,678,47,3,0.1,'2021-12-18'),
(679,679,84,1,0.06,'2020-05-04'),
(680,680,34,5,0.03,'2021-11-07'),
(681,681,81,6,0.03,'2022-07-23'),
(682,682,45,6,0.07,'2020-05-24'),
(683,683,42,4,0.02,'2022-07-30'),
(684,684,56,6,0.02,'2020-06-15'),
(685,685,81,5,0.04,'2020-05-17'),
(686,686,34,2,0.07,'2022-07-18'),
(687,687,31,6,0.1,'2021-12-25'),
(688,688,75,5,0.04,'2021-12-15'),
(689,689,72,6,0.06,'2022-08-31'),
(690,690,15,2,0.08,'2022-08-31'),
(691,691,90,5,0.08,'2022-07-27'),
(692,692,84,3,0.08,'2021-12-02'),
(693,693,75,6,0.02,'2021-11-30'),
(694,694,43,1,0.01,'2020-06-03'),
(695,695,98,1,0.09,'2021-11-24'),
(696,696,79,5,0.01,'2021-11-28'),
(697,697,74,4,0.1,'2022-07-25'),
(698,698,6,4,0.08,'2022-08-09'),
(699,699,45,6,0.05,'2022-08-19'),
(700,700,31,5,0.05,'2021-12-09'),
(701,701,82,4,0.01,'2022-08-01'),
(702,702,95,4,0.01,'2020-05-26'),
(703,703,19,2,0.01,'2020-05-08'),
(704,704,50,6,0.1,'2021-12-11'),
(705,705,5,3,0.06,'2021-11-15'),
(706,706,40,2,0.02,'2020-05-17'),
(707,707,77,6,0.03,'2020-05-18'),
(708,708,70,3,0.1,'2020-06-05'),
(709,709,11,3,0.06,'2021-11-25'),
(710,710,50,2,0.01,'2020-05-31'),
(711,711,41,1,0.1,'2021-11-28'),
(712,712,89,4,0.06,'2020-06-04'),
(713,713,91,1,0.06,'2021-11-01'),
(714,714,32,4,0.09,'2022-08-04'),
(715,715,57,5,0.09,'2021-11-09'),
(716,716,67,5,0.03,'2021-11-26'),
(717,717,72,2,0.09,'2022-08-10'),
(718,718,8,3,0.09,'2021-11-17'),
(719,719,75,4,0.07,'2020-05-11'),
(720,720,69,5,0.05,'2022-07-15'),
(721,721,73,1,0.07,'2020-05-27'),
(722,722,36,3,0.01,'2020-05-23'),
(723,723,76,6,0.04,'2020-05-17'),
(724,724,77,3,0.06,'2020-06-01'),
(725,725,84,1,0.01,'2022-07-27'),
(726,726,15,1,0.09,'2021-11-07'),
(727,727,5,1,0.06,'2022-07-25'),
(728,728,90,1,0.05,'2021-12-03'),
(729,729,93,1,0.04,'2022-08-31'),
(730,730,63,3,0.02,'2021-12-02'),
(731,731,72,2,0.04,'2020-05-20'),
(732,732,89,5,0.1,'2021-11-19'),
(733,733,74,2,0.07,'2021-11-19'),
(734,734,53,6,0.03,'2022-08-15'),
(735,735,5,6,0.04,'2022-08-28'),
(736,736,92,6,0.03,'2021-12-25'),
(737,737,53,4,0.1,'2022-08-24'),
(738,738,91,2,0.04,'2021-11-28'),
(739,739,5,6,0.08,'2020-04-24'),
(740,740,77,2,0.05,'2021-12-09'),
(741,741,75,6,0.1,'2020-05-30'),
(742,742,25,1,0.02,'2020-06-16'),
(743,743,51,1,0.03,'2021-12-18'),
(744,744,64,2,0.09,'2020-05-21'),
(745,745,85,1,0.02,'2020-05-30'),
(746,746,70,5,0.07,'2021-12-18'),
(747,747,77,6,0.02,'2021-12-25'),
(748,748,92,4,0.05,'2021-10-28'),
(749,749,42,2,0.01,'2022-07-29'),
(750,750,19,4,0.04,'2022-08-21'),
(751,751,37,4,0.06,'2020-05-22'),
(752,752,61,1,0.06,'2022-07-30'),
(753,753,95,5,0.05,'2020-05-29'),
(754,754,86,5,0.05,'2020-05-21'),
(755,755,25,2,0.09,'2022-07-31'),
(756,756,44,3,0.02,'2022-08-19'),
(757,757,90,4,0.02,'2021-12-05'),
(758,758,34,5,0.09,'2021-11-28'),
(759,759,9,1,0.04,'2020-05-13'),
(760,760,76,2,0.01,'2021-11-22'),
(761,761,44,3,0.03,'2020-05-08'),
(762,762,21,4,0.03,'2021-12-07'),
(763,763,59,2,0.02,'2022-08-04'),
(764,764,75,3,0.07,'2022-08-13'),
(765,765,42,6,0.08,'2021-12-15'),
(766,766,97,1,0.07,'2021-11-27'),
(767,767,80,4,0.04,'2022-08-19'),
(768,768,20,6,0.09,'2021-12-03'),
(769,769,6,2,0.05,'2020-05-18'),
(770,770,16,2,0.09,'2020-05-12'),
(771,771,20,6,0.03,'2020-05-13'),
(772,772,74,6,0.08,'2021-12-17'),
(773,773,14,4,0.02,'2020-05-07'),
(774,774,67,4,0.06,'2020-05-16'),
(775,775,90,3,0.06,'2020-05-14'),
(776,776,35,3,0.01,'2022-08-11'),
(777,777,14,2,0.09,'2022-08-05'),
(778,778,66,6,0.06,'2021-11-22'),
(779,779,42,6,0.09,'2021-11-28'),
(780,780,57,1,0.04,'2022-08-28'),
(781,781,8,1,0.1,'2021-12-07'),
(782,782,53,2,0.05,'2020-06-09'),
(783,783,32,1,0.02,'2021-12-26'),
(784,784,24,4,0.07,'2022-09-13'),
(785,785,67,1,0.05,'2022-08-19'),
(786,786,40,1,0.04,'2021-12-04'),
(787,787,24,3,0.03,'2020-05-18'),
(788,788,50,2,0.06,'2020-05-22'),
(789,789,16,3,0.09,'2020-06-12'),
(790,790,27,4,0.02,'2020-04-18'),
(791,791,95,1,0.07,'2020-05-29'),
(792,792,13,2,0.02,'2020-05-30'),
(793,793,74,2,0.09,'2020-05-06'),
(794,794,55,2,0.04,'2020-04-30'),
(795,795,25,4,0.01,'2021-12-01'),
(796,796,9,1,0.01,'2020-05-26'),
(797,797,14,5,0.1,'2022-07-21'),
(798,798,43,2,0.1,'2022-08-14'),
(799,799,12,4,0.05,'2022-08-13'),
(800,800,2,3,0.06,'2022-08-06'),
(801,801,62,3,0.06,'2020-06-16'),
(802,802,87,1,0.01,'2022-08-08'),
(803,803,56,1,0.05,'2021-11-15'),
(804,804,83,6,0.03,'2021-12-10'),
(805,805,32,6,0.04,'2022-08-07'),
(806,806,64,5,0.08,'2020-05-11'),
(807,807,90,6,0.01,'2021-12-04'),
(808,808,53,6,0.04,'2020-06-06'),
(809,809,74,6,0.09,'2020-06-05'),
(810,810,31,6,0.1,'2022-07-15'),
(811,811,9,5,0.05,'2020-05-05'),
(812,812,42,3,0.02,'2020-05-31'),
(813,813,90,4,0.1,'2022-07-26'),
(814,814,37,3,0.03,'2020-05-05'),
(815,815,80,6,0.1,'2022-08-23'),
(816,816,93,4,0.06,'2022-08-09'),
(817,817,53,2,0.08,'2021-11-29'),
(818,818,60,1,0.06,'2020-05-30'),
(819,819,67,6,0.02,'2020-05-13'),
(820,820,64,4,0.07,'2022-08-10'),
(821,821,27,4,0.01,'2021-11-30'),
(822,822,87,6,0.04,'2022-08-22'),
(823,823,81,5,0.02,'2020-05-09'),
(824,824,85,2,0.06,'2022-08-08'),
(825,825,91,1,0.1,'2020-05-28'),
(826,826,88,1,0.05,'2020-05-06'),
(827,827,10,2,0.07,'2020-05-08'),
(828,828,7,5,0.05,'2021-12-08'),
(829,829,52,5,0.08,'2022-07-17'),
(830,830,57,5,0.07,'2020-05-28'),
(831,831,71,3,0.01,'2022-07-18'),
(832,832,66,4,0.01,'2021-11-14'),
(833,833,35,5,0.01,'2022-08-13'),
(834,834,78,4,0.1,'2022-08-03'),
(835,835,31,2,0.07,'2022-07-19'),
(836,836,40,2,0.01,'2020-05-26'),
(837,837,63,3,0.01,'2021-11-28'),
(838,838,44,1,0.08,'2022-07-21'),
(839,839,62,1,0.06,'2021-12-08'),
(840,840,51,4,0.01,'2021-12-05'),
(841,841,6,6,0.01,'2021-12-13'),
(842,842,19,4,0.1,'2022-08-17'),
(843,843,83,6,0.05,'2021-12-17'),
(844,844,86,3,0.02,'2020-05-13'),
(845,845,83,2,0.07,'2022-07-05'),
(846,846,48,6,0.07,'2020-05-20'),
(847,847,29,5,0.04,'2020-06-13'),
(848,848,51,1,0.05,'2022-08-29'),
(849,849,23,5,0.05,'2020-05-10'),
(850,850,2,4,0.08,'2022-07-26'),
(851,851,13,6,0.04,'2021-11-29'),
(852,852,24,5,0.02,'2020-05-19'),
(853,853,7,4,0.01,'2020-05-25'),
(854,854,18,1,0.1,'2020-05-25'),
(855,855,2,3,0.01,'2021-12-01'),
(856,856,82,4,0.03,'2022-08-16'),
(857,857,13,6,0.09,'2022-01-01'),
(858,858,34,1,0.04,'2022-07-24'),
(859,859,27,3,0.01,'2020-06-01'),
(860,860,67,2,0.08,'2021-11-30'),
(861,861,69,6,0.09,'2020-05-15'),
(862,862,12,2,0.06,'2021-12-21'),
(863,863,24,4,0.1,'2021-12-19'),
(864,864,54,2,0.02,'2020-06-05'),
(865,865,34,1,0.09,'2020-05-09'),
(866,866,35,2,0.08,'2021-11-22'),
(867,867,75,4,0.07,'2022-07-30'),
(868,868,20,1,0.1,'2020-05-31'),
(869,869,22,3,0.03,'2022-07-20'),
(870,870,16,5,0.05,'2020-06-14'),
(871,871,87,2,0.09,'2020-05-29'),
(872,872,72,4,0.05,'2022-07-05'),
(873,873,52,2,0.1,'2021-11-10'),
(874,874,46,3,0.06,'2020-06-21'),
(875,875,28,3,0.07,'2020-05-23'),
(876,876,63,6,0.06,'2020-05-16'),
(877,877,58,4,0.05,'2020-04-25'),
(878,878,92,3,0.09,'2020-06-02'),
(879,879,49,3,0.03,'2022-08-22'),
(880,880,34,6,0.04,'2020-05-02'),
(881,881,61,5,0.02,'2022-08-20'),
(882,882,6,2,0.09,'2021-12-28'),
(883,883,31,2,0.01,'2022-07-22'),
(884,884,73,3,0.02,'2021-12-24'),
(885,885,64,2,0.04,'2022-08-04'),
(886,886,48,6,0.04,'2021-12-18'),
(887,887,47,5,0.08,'2021-12-11'),
(888,888,87,3,0.08,'2022-08-09'),
(889,889,24,6,0.03,'2020-06-06'),
(890,890,77,6,0.04,'2021-12-13'),
(891,891,85,6,0.02,'2022-08-12'),
(892,892,72,3,0.1,'2021-11-04'),
(893,893,77,4,0.01,'2020-06-02'),
(894,894,79,5,0.04,'2022-08-06'),
(895,895,11,2,0.09,'2020-05-25'),
(896,896,22,1,0.01,'2020-04-15'),
(897,897,69,1,0.04,'2021-12-01'),
(898,898,81,5,0.07,'2022-08-22'),
(899,899,73,5,0.05,'2021-11-23'),
(900,900,18,2,0.1,'2020-05-17'),
(901,901,10,4,0.1,'2020-05-31'),
(902,902,39,3,0.03,'2020-05-21'),
(903,903,3,1,0.08,'2020-06-01'),
(904,904,34,2,0.02,'2022-08-13'),
(905,905,84,5,0.06,'2020-06-03'),
(906,906,48,5,0.1,'2021-12-23'),
(907,907,86,2,0.07,'2022-07-07'),
(908,908,97,4,0.07,'2020-05-19'),
(909,909,6,6,0.09,'2020-05-27'),
(910,910,25,4,0.05,'2022-09-10'),
(911,911,32,6,0.02,'2021-11-15'),
(912,912,49,5,0.02,'2022-07-20'),
(913,913,31,6,0.02,'2020-04-28'),
(914,914,27,5,0.05,'2021-12-16'),
(915,915,38,2,0.05,'2022-08-07'),
(916,916,57,5,0.01,'2022-08-21'),
(917,917,56,4,0.03,'2020-06-18'),
(918,918,97,6,0.06,'2021-12-23'),
(919,919,18,6,0.1,'2020-05-22'),
(920,920,13,4,0.01,'2020-06-03'),
(921,921,59,3,0.01,'2020-05-15'),
(922,922,3,2,0.08,'2021-12-03'),
(923,923,2,2,0.09,'2020-06-02'),
(924,924,31,2,0.04,'2022-09-01'),
(925,925,86,4,0.1,'2021-12-14'),
(926,926,52,1,0.09,'2021-11-18'),
(927,927,26,6,0.07,'2021-11-17'),
(928,928,42,3,0.05,'2020-05-03'),
(929,929,76,2,0.07,'2020-06-03'),
(930,930,64,6,0.08,'2021-12-15'),
(931,931,75,1,0.09,'2021-11-16'),
(932,932,33,3,0.06,'2022-08-03'),
(933,933,62,6,0.02,'2020-04-23'),
(934,934,72,1,0.07,'2020-05-31'),
(935,935,95,1,0.04,'2022-08-24'),
(936,936,71,1,0.03,'2022-01-03'),
(937,937,67,1,0.06,'2022-08-03'),
(938,938,39,3,0.06,'2022-07-21'),
(939,939,22,6,0.05,'2022-07-24'),
(940,940,74,2,0.06,'2020-06-10'),
(941,941,84,2,0.09,'2022-08-23'),
(942,942,43,3,0.01,'2021-11-27'),
(943,943,86,1,0.07,'2020-04-23'),
(944,944,44,5,0.05,'2020-06-03'),
(945,945,5,6,0.09,'2021-11-19'),
(946,946,59,6,0.05,'2020-05-31'),
(947,947,77,4,0.06,'2021-11-10'),
(948,948,55,3,0.01,'2022-09-05'),
(949,949,49,3,0.06,'2021-12-13'),
(950,950,87,1,0.03,'2022-08-22'),
(951,951,32,2,0.04,'2020-04-15'),
(952,952,14,6,0.07,'2022-07-08'),
(953,953,82,6,0.07,'2022-08-03'),
(954,954,88,2,0.04,'2021-11-23'),
(955,955,52,5,0.1,'2020-05-05'),
(956,956,86,4,0.08,'2020-06-21'),
(957,957,36,5,0.08,'2021-11-30'),
(958,958,14,3,0.09,'2020-05-18'),
(959,959,7,4,0.08,'2021-12-21'),
(960,960,20,6,0.07,'2022-09-04'),
(961,961,47,3,0.02,'2022-08-02'),
(962,962,8,6,0.02,'2021-11-26'),
(963,963,86,5,0.07,'2020-05-30'),
(964,964,69,5,0.01,'2020-05-16'),
(965,965,59,6,0.08,'2020-05-27'),
(966,966,73,6,0.03,'2022-08-17'),
(967,967,15,3,0.02,'2020-05-10'),
(968,968,51,2,0.08,'2020-05-12'),
(969,969,46,3,0.05,'2022-08-03'),
(970,970,15,1,0.04,'2022-09-04'),
(971,971,34,6,0.09,'2020-05-29'),
(972,972,70,6,0.03,'2021-11-29'),
(973,973,87,6,0.09,'2020-05-04'),
(974,974,76,4,0.09,'2021-11-10'),
(975,975,97,4,0.02,'2021-12-13'),
(976,976,36,2,0.06,'2021-12-19'),
(977,977,5,2,0.09,'2021-12-04'),
(978,978,31,3,0.09,'2021-11-19'),
(979,979,63,4,0.05,'2021-11-08'),
(980,980,90,5,0.1,'2020-04-28'),
(981,981,90,5,0.03,'2020-05-15'),
(982,982,89,2,0.06,'2020-06-06'),
(983,983,21,4,0.09,'2020-05-22'),
(984,984,82,1,0.09,'2021-12-28'),
(985,985,34,5,0.01,'2021-12-21'),
(986,986,30,3,0.04,'2020-05-17'),
(987,987,26,3,0.03,'2021-11-11'),
(988,988,96,3,0.05,'2020-05-27'),
(989,989,41,2,0.01,'2021-11-29'),
(990,990,80,6,0.06,'2022-07-17'),
(991,991,62,1,0.1,'2022-07-24'),
(992,992,70,5,0.03,'2020-05-15'),
(993,993,34,1,0.03,'2021-12-22'),
(994,994,16,2,0.1,'2021-11-10'),
(995,995,62,4,0.09,'2022-08-19'),
(996,996,20,4,0.1,'2022-07-18'),
(997,997,47,1,0.06,'2021-11-21'),
(998,998,23,5,0.1,'2020-04-30'),
(999,999,67,6,0.1,'2021-12-08'),
(1000,1000,14,2,0.09,'2021-11-23');


INSERT INTO frontstore_Suppliers(supplier_id,supplier_address,company_name,net_terms,date_contracted) VALUES
(1,'1263 Washington Ave, USA','Nvidea',30,'2022-04-06'),
(2,'1264 Washington Ave, USA','AMD',30,'2021-08-14'),
(3,'1265 Washington Ave, USA','Crosair',30,'2020-01-26'),
(4,'1266 Washington Ave, USA','Logtiech',30,'2020-03-24'),
(5,'1267 Washington Ave, USA','Asus',30,'2020-07-10'),
(6,'1268 Washington Ave, USA','Bello Eletronic',30,'2020-06-24'),
(7,'1269 Washington Ave, USA','Zus Elec',30,'2021-07-15'),
(8,'1270 Washington Ave, USA','Sam tech',30,'2021-10-01'),
(9,'1271 Washington Ave, USA','Lnius Tech',30,'2021-01-07'),
(10,'1272 Washington Ave, USA','ABC Hardware',30,'2021-04-20'),
(11,'1273 Washington Ave, USA','Micro Hardware',30,'2020-11-12'),
(12,'1274 Washington Ave, USA','Hardware on us',30,'2022-02-19'),
(13,'1275 Washington Ave, USA','HYZ CPU',30,'2022-02-19');



INSERT INTO frontstore_PurchaseInvoices(purchase_number,po_id,supplier_id,amount,purchase_date) VALUES
(1,1,1,500,'2022-05-16'),
(2,2,1,1000,'2022-05-11'),
(3,3,2,800,'2021-10-09'),
(4,4,3,800,'2020-03-04'),
(5,5,3,700,'2020-02-24'),
(6,6,3,600,'2020-03-14'),
(7,7,3,300,'2020-03-13'),
(8,8,2,400,'2021-09-17'),
(9,9,3,500,'2020-03-10'),
(10,10,2,300,'2021-09-21'),
(11,11,1,450,'2022-05-28'),
(12,12,2,350,'2021-09-21'),
(13,13,1,30,'2022-06-08'),
(14,14,2,20,'2021-09-07'),
(15,15,1,60,'2022-05-29'),
(16,16,1,80,'2022-05-22'),
(17,17,3,50,'2020-03-05'),
(18,18,3,40,'2020-03-02'),
(19,19,2,100,'2021-09-16'),
(20,20,1,80,'2022-06-11'),
(21,21,3,60,'2020-03-22'),
(22,22,2,100,'2021-09-19'),
(23,23,3,80,'2020-03-19'),
(24,24,2,60,'2021-09-30'),
(25,25,1,40,'2022-06-04'),
(26,26,3,150,'2020-03-01'),
(27,27,3,150,'2020-03-09'),
(28,28,2,150,'2021-09-24');